transaction_id,amfi_code,investor_id,transaction_type,amount,transaction_date,kyc_status,state
TXN897608,100081,INV7563,Redemption,80948.84,2023-08-04,Rejected,Maharashtra
TXN527605,100038,INV4862,Redemption,50306.11,2023-11-04,Unknown,Gujarat
TXN279168,100067,INV3729,Lumpsum,18962.03,2023-07-18,Unknown,Karnataka
TXN341840,100035,INV8544,SIP,47204.69,2023-06-05,Pending,Karnataka
TXN139999,100031,INV2634,Lumpsum,5159.54,2023-03-21,Rejected,Maharashtra
TXN908777,100036,INV1382,Redemption,40864.89,2023-12-11,Pending,Gujarat
TXN670530,100041,INV2441,SIP,47056.5,2023-07-19,Rejected,Gujarat
TXN221999,100029,INV1076,SIP,24711.8,2023-01-15,Pending,Delhi
TXN929031,100034,INV6082,Lumpsum,44497.32,2023-06-08,Rejected,Maharashtra
TXN871245,100062,INV2894,SIP,59235.95,2023-01-01,Verified,Maharashtra
TXN738238,100081,INV8334,Redemption,10040.03,2023-11-10,Rejected,Delhi
TXN886349,100033,INV9700,Redemption,35483.4,2023-06-25,Pending,Tamil Nadu
TXN339568,100068,INV8932,Redemption,17752.45,2023-12-03,Pending,Delhi
TXN805156,100078,INV1555,SIP,3566.97,2023-05-28,Rejected,Tamil Nadu
TXN353319,100061,INV6831,Redemption,64519.78,2023-08-14,Verified,Delhi
TXN677039,100029,INV4898,Lumpsum,23740.8,2023-06-03,Unknown,Maharashtra
TXN137763,100030,INV4281,Lumpsum,96145.59,2023-03-14,Unknown,Delhi
TXN273485,100059,INV2436,SIP,58980.6,2023-09-30,Rejected,Gujarat
TXN910688,100056,INV3840,SIP,83776.51,2023-07-15,Verified,Gujarat
TXN149944,100048,INV6840,SIP,75235.97,2023-12-19,Verified,Gujarat
TXN458600,100030,INV7399,Lumpsum,66784.26,2023-06-26,Pending,Delhi
TXN869482,100046,INV3455,SIP,60694.6,2023-01-13,Unknown,Tamil Nadu
TXN501174,100030,INV9451,SIP,61946.63,2023-11-19,Verified,Tamil Nadu
TXN451217,100061,INV6945,SIP,85545.88,2023-03-24,Unknown,Maharashtra
TXN438684,100079,INV2209,SIP,81969.15,2023-12-10,Pending,Maharashtra
TXN282175,100066,INV8850,SIP,68435.92,2023-11-27,Pending,Gujarat
TXN302797,100061,INV5120,SIP,49739.71,2023-09-02,Rejected,Tamil Nadu
TXN461943,100054,INV9423,Redemption,228.59,2023-05-21,Verified,Tamil Nadu
TXN543468,100046,INV8610,SIP,62288.24,2023-06-23,Unknown,Tamil Nadu
TXN989827,100064,INV6588,SIP,52460.27,2023-10-15,Rejected,Gujarat
TXN237996,100034,INV9017,Redemption,36636.75,2023-02-21,Pending,Delhi
TXN778036,100051,INV5981,Redemption,42857.56,2023-07-17,Pending,Maharashtra
TXN567074,100064,INV5455,Redemption,92942.64,2023-02-23,Unknown,Tamil Nadu
TXN492136,100053,INV6329,Redemption,81511.5,2023-09-26,Unknown,Tamil Nadu
TXN881371,100086,INV2543,SIP,53988.25,2023-07-24,Rejected,Delhi
TXN613102,100088,INV9890,Redemption,20178.0,2023-07-06,Verified,Tamil Nadu
TXN128997,100063,INV8578,Lumpsum,68296.88,2023-09-18,Unknown,Maharashtra
TXN719824,100064,INV4529,Redemption,78452.55,2023-06-01,Rejected,Maharashtra
TXN555358,100046,INV2149,Redemption,24769.92,2023-04-22,Verified,Tamil Nadu
TXN912761,100054,INV5301,Lumpsum,35233.38,2023-01-24,Rejected,Gujarat
TXN375652,100037,INV1811,SIP,6876.25,2023-09-08,Pending,Gujarat
TXN636861,100066,INV6557,Lumpsum,77300.46,2023-02-16,Rejected,Karnataka
TXN485368,100031,INV9727,Redemption,39148.63,2023-02-06,Verified,Tamil Nadu
TXN252589,100077,INV5632,Lumpsum,31478.98,2023-02-21,Rejected,Gujarat
TXN724521,100027,INV5093,SIP,96385.65,2023-04-25,Verified,Tamil Nadu
TXN153773,100030,INV7606,Lumpsum,10986.05,2023-01-23,Verified,Delhi
TXN362261,100031,INV7951,SIP,64543.44,2023-04-16,Pending,Gujarat
TXN557024,100055,INV3202,Redemption,39779.54,2023-02-17,Verified,Gujarat
TXN977100,100035,INV2934,Lumpsum,5585.53,2023-11-06,Pending,Maharashtra
TXN844100,100046,INV6174,Lumpsum,24292.16,2023-09-26,Unknown,Gujarat
TXN974365,100065,INV9486,SIP,10649.7,2023-04-17,Unknown,Maharashtra
TXN790918,100034,INV4475,Redemption,32557.47,2023-02-07,Rejected,Gujarat
TXN268722,100055,INV2242,Redemption,57509.03,2023-12-14,Pending,Tamil Nadu
TXN293771,100043,INV7570,SIP,93772.84,2023-05-20,Verified,Karnataka
TXN152431,100066,INV1816,Lumpsum,16779.29,2023-09-28,Verified,Maharashtra
TXN634431,100059,INV5311,SIP,48507.62,2023-12-27,Verified,Delhi
TXN306903,100060,INV5381,Lumpsum,78764.11,2023-10-21,Verified,Karnataka
TXN397592,100057,INV5292,SIP,23836.66,2023-09-27,Unknown,Karnataka
TXN893816,100044,INV9902,SIP,24380.49,2023-11-27,Unknown,Delhi
TXN486679,100063,INV6673,SIP,18892.96,2023-12-02,Pending,Karnataka
TXN963117,100036,INV1891,Redemption,73382.58,2023-05-09,Pending,Tamil Nadu
TXN504096,100047,INV6729,SIP,41601.97,2023-08-27,Pending,Maharashtra
TXN653910,100068,INV5996,SIP,58788.23,2023-06-30,Unknown,Gujarat
TXN739496,100031,INV8056,Lumpsum,64965.43,2023-10-26,Verified,Maharashtra
TXN406551,100035,INV8936,SIP,96484.52,2023-06-04,Rejected,Delhi
TXN125001,100084,INV4879,SIP,686.05,2023-06-28,Pending,Delhi
TXN535755,100065,INV2677,Redemption,13085.87,2023-10-11,Verified,Karnataka
TXN835262,100087,INV7729,SIP,54127.92,2023-03-05,Unknown,Karnataka
TXN725189,100067,INV1332,Redemption,39516.13,2023-05-13,Pending,Gujarat
TXN995005,100078,INV4094,Lumpsum,9559.84,2023-02-14,Pending,Karnataka
TXN274454,100036,INV3882,Redemption,49347.9,2023-05-10,Pending,Maharashtra
TXN561551,100067,INV8292,SIP,49926.96,2023-10-18,Verified,Maharashtra
TXN427347,100054,INV4298,SIP,87503.73,2023-08-03,Pending,Maharashtra
TXN382092,100086,INV7129,Lumpsum,43088.29,2023-02-04,Verified,Tamil Nadu
TXN778635,100084,INV5326,Lumpsum,70616.27,2023-01-01,Pending,Gujarat
TXN872681,100068,INV9159,Redemption,93523.47,2023-09-23,Unknown,Tamil Nadu
TXN292458,100077,INV3181,Redemption,31413.1,2023-10-04,Verified,Delhi
TXN173305,100029,INV3160,SIP,62330.04,2023-11-18,Pending,Gujarat
TXN478894,100057,INV7424,Lumpsum,77690.13,2023-01-03,Pending,Karnataka
TXN139536,100055,INV1563,Lumpsum,58861.47,2023-09-21,Verified,Tamil Nadu
TXN287467,100079,INV6793,Lumpsum,93319.56,2023-03-13,Pending,Gujarat
TXN203381,100041,INV2491,SIP,28451.01,2023-11-07,Pending,Tamil Nadu
TXN499351,100054,INV9551,SIP,58112.37,2023-07-09,Pending,Karnataka
TXN409330,100029,INV3385,Lumpsum,98319.23,2023-07-07,Unknown,Karnataka
TXN503131,100084,INV4409,Lumpsum,5280.57,2023-06-14,Unknown,Maharashtra
TXN788315,100032,INV2952,Redemption,43150.5,2023-10-02,Pending,Tamil Nadu
TXN675771,100088,INV2714,Redemption,17432.09,2023-08-03,Unknown,Delhi
TXN293812,100078,INV8335,Redemption,94850.24,2023-11-22,Unknown,Maharashtra
TXN837326,100047,INV1237,Redemption,36227.36,2023-10-06,Unknown,Maharashtra
TXN195717,100086,INV6911,Lumpsum,9420.18,2023-01-21,Unknown,Maharashtra
TXN727358,100035,INV1867,SIP,8183.57,2023-09-22,Pending,Maharashtra
TXN649236,100041,INV2686,Lumpsum,33585.12,2023-05-04,Rejected,Gujarat
TXN860869,100082,INV2382,SIP,34515.55,2023-04-07,Pending,Karnataka
TXN227395,100080,INV3588,SIP,85317.82,2023-01-12,Unknown,Tamil Nadu
TXN260919,100034,INV4252,Lumpsum,34186.69,2023-08-06,Unknown,Gujarat
TXN929683,100035,INV7252,Lumpsum,8023.73,2023-01-19,Verified,Maharashtra
TXN895677,100055,INV9337,Lumpsum,29036.74,2023-11-16,Unknown,Gujarat
TXN929161,100082,INV4818,SIP,98994.23,2023-01-07,Unknown,Maharashtra
TXN884181,100060,INV9128,Redemption,44289.38,2023-10-02,Unknown,Delhi
TXN206945,100053,INV1358,Lumpsum,54295.33,2023-02-10,Rejected,Gujarat
TXN621891,100029,INV6515,SIP,87791.52,2023-02-12,Pending,Gujarat
TXN600739,100029,INV8367,Lumpsum,86536.97,2023-04-24,Pending,Karnataka
TXN798596,100057,INV4237,SIP,44272.67,2023-08-01,Verified,Karnataka
TXN918238,100086,INV1665,Lumpsum,97803.93,2023-01-04,Pending,Maharashtra
TXN988158,100036,INV5595,SIP,4504.15,2023-04-19,Pending,Karnataka
TXN593361,100066,INV2599,Lumpsum,77466.76,2023-04-02,Verified,Karnataka
TXN470011,100041,INV6852,SIP,76558.48,2023-02-18,Unknown,Delhi
TXN419115,100053,INV2540,Redemption,62273.98,2023-07-17,Unknown,Delhi
TXN427853,100032,INV9936,SIP,59236.55,2023-05-10,Rejected,Tamil Nadu
TXN899157,100088,INV7364,SIP,22297.43,2023-08-29,Unknown,Maharashtra
TXN954653,100055,INV1641,Redemption,24956.66,2023-09-16,Unknown,Tamil Nadu
TXN796841,100065,INV3526,SIP,48529.46,2023-11-27,Verified,Gujarat
TXN899398,100042,INV7085,Lumpsum,8636.91,2023-05-06,Verified,Delhi
TXN235938,100067,INV8523,SIP,57759.58,2023-07-11,Unknown,Delhi
TXN500839,100057,INV6249,SIP,98026.22,2023-07-22,Pending,Tamil Nadu
TXN869624,100082,INV9075,Lumpsum,38158.43,2023-05-20,Pending,Karnataka
TXN397087,100057,INV1823,SIP,50038.21,2023-01-02,Unknown,Gujarat
TXN835620,100052,INV6055,Redemption,86829.05,2023-12-07,Pending,Tamil Nadu
TXN262548,100043,INV4587,Redemption,53574.55,2023-09-18,Verified,Gujarat
TXN636721,100031,INV7148,SIP,61934.92,2023-07-26,Pending,Tamil Nadu
TXN291402,100088,INV5553,Lumpsum,50119.82,2023-02-17,Verified,Delhi
TXN478294,100066,INV4809,SIP,60257.33,2023-09-15,Verified,Delhi
TXN472397,100031,INV4124,Lumpsum,87563.97,2023-08-29,Verified,Gujarat
TXN534671,100081,INV8750,Redemption,89922.09,2023-11-26,Unknown,Tamil Nadu
TXN382914,100063,INV1312,SIP,66081.63,2023-02-20,Pending,Tamil Nadu
TXN660564,100058,INV1513,Redemption,16345.41,2023-06-24,Rejected,Tamil Nadu
TXN894264,100078,INV2022,SIP,5674.29,2023-12-31,Verified,Tamil Nadu
TXN339144,100084,INV6775,Lumpsum,29378.12,2023-01-11,Verified,Karnataka
TXN135516,100035,INV1852,Redemption,6817.04,2023-12-02,Pending,Delhi
TXN860198,100064,INV5139,Redemption,99617.24,2023-06-25,Rejected,Maharashtra
TXN340228,100088,INV5219,Redemption,4731.59,2023-07-11,Unknown,Maharashtra
TXN476048,100068,INV3923,SIP,72964.53,2023-06-08,Unknown,Maharashtra
TXN539435,100051,INV8917,Lumpsum,92841.92,2023-11-25,Rejected,Tamil Nadu
TXN336524,100058,INV5551,Redemption,92511.09,2023-03-29,Unknown,Karnataka
TXN688481,100057,INV8814,Lumpsum,29178.0,2023-03-30,Pending,Karnataka
TXN262996,100055,INV7921,SIP,74895.35,2023-07-16,Rejected,Delhi
TXN185734,100060,INV6657,Redemption,44027.0,2023-08-08,Unknown,Karnataka
TXN861135,100079,INV7516,Redemption,16963.65,2023-10-04,Pending,Maharashtra
TXN643698,100027,INV5377,SIP,6187.26,2023-10-18,Verified,Delhi
TXN421248,100051,INV5043,Redemption,53023.32,2023-10-06,Unknown,Tamil Nadu
TXN885113,100058,INV8317,SIP,23300.99,2023-01-10,Pending,Karnataka
TXN391822,100032,INV3278,Redemption,27314.07,2023-01-07,Rejected,Maharashtra
TXN142057,100036,INV5240,Redemption,2462.69,2023-01-08,Rejected,Delhi
TXN425853,100034,INV2614,Redemption,62632.01,2023-06-18,Pending,Karnataka
TXN327733,100078,INV9271,Lumpsum,3662.39,2023-07-16,Pending,Gujarat
TXN314185,100047,INV8769,Redemption,89576.21,2023-02-16,Pending,Tamil Nadu
TXN855302,100055,INV1793,SIP,37554.11,2023-05-12,Pending,Gujarat
TXN299361,100062,INV3445,Lumpsum,68787.6,2023-04-20,Rejected,Tamil Nadu
TXN743268,100029,INV3356,SIP,79228.61,2023-09-01,Rejected,Karnataka
TXN401100,100054,INV4765,Redemption,98809.22,2023-07-12,Rejected,Maharashtra
TXN208595,100065,INV5847,Lumpsum,50776.23,2023-03-30,Verified,Karnataka
TXN315239,100063,INV6524,Lumpsum,37604.08,2023-12-21,Verified,Delhi
TXN204105,100047,INV8053,SIP,76463.24,2023-10-13,Rejected,Gujarat
TXN223894,100036,INV5158,SIP,5436.53,2023-07-18,Rejected,Delhi
TXN725267,100030,INV6460,Redemption,64978.07,2023-08-20,Verified,Delhi
TXN450772,100032,INV1407,Lumpsum,91201.36,2023-01-30,Verified,Gujarat
TXN558926,100032,INV7338,Lumpsum,93961.92,2023-09-18,Rejected,Karnataka
TXN363691,100086,INV4431,Redemption,82125.36,2023-05-23,Rejected,Tamil Nadu
TXN267993,100033,INV4958,SIP,99286.34,2023-04-26,Unknown,Maharashtra
TXN163860,100059,INV2294,Redemption,83577.54,2023-09-23,Pending,Gujarat
TXN165045,100079,INV8350,SIP,40064.47,2023-09-12,Unknown,Tamil Nadu
TXN657544,100042,INV3128,Lumpsum,85344.5,2023-11-17,Pending,Maharashtra
TXN280168,100086,INV1206,SIP,99884.25,2023-02-02,Rejected,Gujarat
TXN255846,100067,INV5629,Lumpsum,7430.31,2023-05-21,Pending,Delhi
TXN596457,100042,INV5097,Redemption,84291.1,2023-06-11,Pending,Gujarat
TXN482811,100060,INV4307,Redemption,25759.98,2023-07-07,Unknown,Delhi
TXN605348,100062,INV6486,Redemption,77600.97,2023-07-23,Unknown,Maharashtra
TXN993192,100079,INV4064,Lumpsum,52950.04,2023-08-20,Unknown,Delhi
TXN372401,100051,INV8744,SIP,69474.57,2023-09-30,Verified,Delhi
TXN926062,100068,INV4059,Redemption,63107.79,2023-09-03,Unknown,Karnataka
TXN300002,100029,INV9947,Lumpsum,93738.9,2023-10-14,Pending,Karnataka
TXN914395,100065,INV4465,Redemption,75564.54,2023-08-21,Pending,Maharashtra
TXN821411,100088,INV6613,SIP,48987.85,2023-07-06,Pending,Karnataka
TXN725618,100057,INV9558,Lumpsum,64585.73,2023-06-23,Rejected,Gujarat
TXN833684,100059,INV5524,Lumpsum,10990.78,2023-01-30,Pending,Delhi
TXN551649,100058,INV4888,Redemption,82694.12,2023-07-21,Rejected,Gujarat
TXN701701,100079,INV8717,SIP,42194.15,2023-02-28,Verified,Karnataka
TXN616343,100058,INV6978,SIP,27148.28,2023-05-03,Rejected,Gujarat
TXN837297,100068,INV5810,Redemption,32598.34,2023-01-25,Verified,Maharashtra
TXN524016,100086,INV6225,SIP,18807.96,2023-09-04,Unknown,Karnataka
TXN680799,100060,INV3631,Redemption,89993.51,2023-07-08,Verified,Delhi
TXN167748,100051,INV9316,Lumpsum,13850.17,2023-04-09,Pending,Tamil Nadu
TXN173227,100051,INV3832,Lumpsum,50061.36,2023-09-15,Unknown,Maharashtra
TXN590638,100053,INV5549,Lumpsum,39107.51,2023-12-07,Unknown,Delhi
TXN306089,100066,INV8612,Lumpsum,49127.5,2023-06-24,Verified,Delhi
TXN866622,100064,INV6833,SIP,9931.24,2023-09-16,Verified,Tamil Nadu
TXN204988,100062,INV7977,Redemption,4744.62,2023-12-11,Pending,Delhi
TXN415178,100043,INV6082,SIP,52901.72,2023-02-09,Verified,Tamil Nadu
TXN921078,100067,INV1285,SIP,38744.11,2023-11-04,Unknown,Delhi
TXN542099,100082,INV7912,Redemption,93408.86,2023-10-13,Pending,Delhi
TXN770838,100085,INV6763,Lumpsum,70989.75,2023-11-21,Unknown,Tamil Nadu
TXN942926,100060,INV3455,Lumpsum,75054.34,2023-07-25,Verified,Tamil Nadu
TXN871292,100064,INV8870,Lumpsum,42243.18,2023-09-14,Rejected,Delhi
TXN527317,100048,INV2584,Lumpsum,68264.22,2023-08-28,Unknown,Delhi
TXN170250,100047,INV6690,Redemption,11058.27,2023-02-09,Verified,Gujarat
TXN416209,100051,INV7021,Lumpsum,98891.85,2023-09-14,Pending,Tamil Nadu
TXN123244,100035,INV7375,Redemption,29751.75,2023-12-07,Verified,Maharashtra
TXN323982,100054,INV9242,Lumpsum,15783.07,2023-06-22,Pending,Karnataka
TXN220503,100054,INV1904,Redemption,40298.53,2023-06-14,Unknown,Tamil Nadu
TXN636638,100078,INV8305,Redemption,23255.24,2023-07-20,Unknown,Delhi
TXN719221,100043,INV8167,Redemption,85386.5,2023-12-24,Rejected,Gujarat
TXN131055,100053,INV8665,Lumpsum,60212.61,2023-07-02,Rejected,Tamil Nadu
TXN311899,100066,INV3909,Lumpsum,71554.08,2023-07-06,Unknown,Karnataka
TXN279859,100047,INV2976,SIP,77026.63,2023-01-13,Verified,Tamil Nadu
TXN900408,100088,INV3302,Lumpsum,46879.66,2023-08-18,Verified,Karnataka
TXN489147,100049,INV3620,SIP,13039.08,2023-02-28,Verified,Tamil Nadu
TXN937000,100067,INV8505,Lumpsum,54597.9,2023-12-21,Rejected,Karnataka
TXN669457,100037,INV8970,Redemption,44451.1,2023-04-26,Unknown,Karnataka
TXN256000,100052,INV8325,Redemption,6318.98,2023-01-11,Pending,Maharashtra
TXN907686,100061,INV1685,Redemption,78995.68,2023-03-05,Verified,Gujarat
TXN550023,100057,INV2008,Lumpsum,65229.58,2023-09-15,Pending,Gujarat
TXN730594,100041,INV6161,Redemption,53795.05,2023-11-08,Rejected,Tamil Nadu
TXN273780,100053,INV4919,Lumpsum,25693.43,2023-09-23,Rejected,Delhi
TXN298868,100036,INV9565,Lumpsum,7978.62,2023-12-02,Unknown,Karnataka
TXN522172,100057,INV5547,Redemption,34588.17,2023-11-17,Rejected,Karnataka
TXN871338,100035,INV8534,Redemption,88380.46,2023-12-20,Unknown,Tamil Nadu
TXN563108,100052,INV3096,Redemption,48226.81,2023-12-15,Rejected,Tamil Nadu
TXN738656,100030,INV1653,Redemption,76753.57,2023-01-06,Verified,Karnataka
TXN517581,100061,INV7041,Redemption,21080.29,2023-02-24,Pending,Tamil Nadu
TXN835172,100068,INV7987,Redemption,87022.77,2023-12-16,Unknown,Maharashtra
TXN936640,100031,INV3742,Lumpsum,62075.35,2023-05-11,Pending,Delhi
TXN105563,100059,INV4134,SIP,48435.61,2023-02-24,Rejected,Maharashtra
TXN737750,100088,INV5181,Lumpsum,32625.58,2023-12-28,Verified,Gujarat
TXN909836,100033,INV1380,Redemption,48513.54,2023-07-29,Pending,Delhi
TXN407903,100063,INV2122,SIP,58197.43,2023-07-06,Pending,Karnataka
TXN153545,100032,INV5116,Redemption,64555.74,2023-07-11,Rejected,Delhi
TXN757937,100086,INV5757,Redemption,34305.13,2023-08-24,Rejected,Delhi
TXN960796,100067,INV8261,SIP,27716.4,2023-02-05,Rejected,Delhi
TXN473860,100033,INV3336,Redemption,20151.82,2023-06-18,Verified,Delhi
TXN842225,100029,INV2712,Redemption,1512.88,2023-10-09,Rejected,Tamil Nadu
TXN928036,100043,INV9870,SIP,70876.87,2023-12-10,Rejected,Karnataka
TXN490457,100085,INV9646,Redemption,25033.85,2023-07-15,Rejected,Delhi
TXN933012,100038,INV9824,Redemption,93166.9,2023-06-22,Unknown,Gujarat
TXN423954,100034,INV3232,SIP,50488.59,2023-02-07,Unknown,Delhi
TXN478241,100066,INV3052,SIP,78062.79,2023-05-22,Verified,Gujarat
TXN940041,100065,INV8791,Lumpsum,89169.3,2023-09-01,Rejected,Gujarat
TXN457410,100079,INV3003,Lumpsum,51169.21,2023-03-12,Pending,Maharashtra
TXN728623,100027,INV1506,Redemption,64132.98,2023-01-21,Unknown,Tamil Nadu
TXN521105,100055,INV4711,SIP,66409.1,2023-11-29,Pending,Maharashtra
TXN425539,100047,INV5912,Redemption,46300.29,2023-01-08,Unknown,Karnataka
TXN807433,100080,INV4077,Lumpsum,10200.0,2023-12-06,Rejected,Karnataka
TXN245492,100041,INV9463,Redemption,78411.79,2023-05-08,Unknown,Karnataka
TXN938381,100080,INV7242,SIP,20091.87,2023-10-23,Pending,Tamil Nadu
TXN202984,100035,INV1454,Lumpsum,59198.38,2023-09-18,Pending,Maharashtra
TXN966879,100088,INV7263,Redemption,88913.78,2023-08-11,Unknown,Tamil Nadu
TXN459891,100064,INV4354,Lumpsum,17757.56,2023-11-03,Rejected,Delhi
TXN825259,100079,INV3552,Lumpsum,31385.96,2023-03-31,Unknown,Maharashtra
TXN707197,100084,INV5183,SIP,25046.75,2023-03-21,Rejected,Karnataka
TXN588419,100046,INV8113,Redemption,48042.68,2023-04-29,Unknown,Gujarat
TXN357851,100078,INV4192,Lumpsum,68377.74,2023-10-24,Rejected,Karnataka
TXN551954,100084,INV6751,Redemption,57416.78,2023-10-28,Unknown,Maharashtra
TXN328674,100053,INV4840,Redemption,36729.37,2023-08-29,Verified,Karnataka
TXN225567,100062,INV6560,Redemption,98791.51,2023-05-06,Unknown,Maharashtra
TXN319936,100077,INV8503,Lumpsum,1688.78,2023-10-30,Rejected,Gujarat
TXN450675,100036,INV4657,Lumpsum,99100.13,2023-04-05,Unknown,Delhi
TXN866111,100048,INV1105,SIP,41512.62,2023-04-30,Verified,Maharashtra
TXN653591,100065,INV9784,Lumpsum,95364.99,2023-01-28,Pending,Delhi
TXN365026,100047,INV7606,Redemption,25826.04,2023-01-01,Pending,Maharashtra
TXN356705,100043,INV4695,SIP,30456.6,2023-08-28,Rejected,Delhi
TXN947681,100064,INV6727,Redemption,66584.25,2023-06-07,Rejected,Delhi
TXN642993,100053,INV1902,Lumpsum,75725.08,2023-11-19,Pending,Maharashtra
TXN561402,100058,INV3990,Lumpsum,42123.64,2023-04-11,Rejected,Maharashtra
TXN783103,100042,INV2241,Redemption,93179.46,2023-01-01,Rejected,Maharashtra
TXN664316,100086,INV7856,Lumpsum,94005.83,2023-05-09,Verified,Maharashtra
TXN583843,100064,INV4839,SIP,3995.32,2023-07-27,Rejected,Delhi
TXN872031,100080,INV2237,Redemption,8746.83,2023-03-17,Rejected,Gujarat
TXN270540,100046,INV3573,Lumpsum,99837.82,2023-08-26,Unknown,Delhi
TXN935971,100088,INV2072,Redemption,8874.37,2023-08-25,Pending,Maharashtra
TXN443526,100069,INV8547,SIP,98072.39,2023-05-30,Unknown,Tamil Nadu
TXN491050,100088,INV1068,Lumpsum,10320.65,2023-12-03,Rejected,Tamil Nadu
TXN819264,100042,INV2711,Lumpsum,156.8,2023-07-07,Rejected,Tamil Nadu
TXN903411,100066,INV5179,Lumpsum,71855.7,2023-03-29,Unknown,Karnataka
TXN410116,100034,INV7246,Lumpsum,66615.65,2023-05-16,Rejected,Delhi
TXN108001,100027,INV1183,SIP,33888.89,2023-08-22,Pending,Gujarat
TXN849840,100032,INV2167,Redemption,20067.76,2023-08-10,Pending,Delhi
TXN910981,100048,INV3135,SIP,55361.57,2023-08-20,Pending,Tamil Nadu
TXN806649,100037,INV2304,Redemption,70585.6,2023-05-21,Verified,Maharashtra
TXN251852,100053,INV4485,SIP,7911.88,2023-11-28,Unknown,Gujarat
TXN514884,100042,INV1695,Redemption,69727.81,2023-02-20,Verified,Tamil Nadu
TXN929806,100084,INV1266,SIP,38341.02,2023-07-09,Pending,Tamil Nadu
TXN869625,100036,INV8411,Redemption,74145.05,2023-06-29,Pending,Maharashtra
TXN969572,100078,INV2240,Lumpsum,43299.29,2023-08-22,Pending,Karnataka
TXN736664,100047,INV3005,SIP,23562.15,2023-05-01,Unknown,Gujarat
TXN410775,100064,INV2335,SIP,14255.39,2023-11-13,Rejected,Karnataka
TXN736864,100056,INV6084,SIP,6774.07,2023-07-04,Rejected,Karnataka
TXN345351,100043,INV7204,SIP,56874.36,2023-06-21,Rejected,Tamil Nadu
TXN399426,100053,INV8472,Redemption,97615.98,2023-08-27,Verified,Gujarat
TXN396177,100085,INV3321,Redemption,43805.01,2023-02-24,Verified,Tamil Nadu
TXN102984,100063,INV3135,SIP,47738.98,2023-05-14,Pending,Tamil Nadu
TXN761094,100044,INV1070,Lumpsum,5376.91,2023-07-15,Pending,Gujarat
TXN336102,100033,INV8439,Lumpsum,22866.73,2023-12-13,Unknown,Gujarat
TXN822974,100041,INV8544,Redemption,18758.67,2023-06-13,Unknown,Maharashtra
TXN760046,100027,INV5730,Redemption,69512.01,2023-04-18,Verified,Karnataka
TXN432856,100064,INV6188,SIP,16240.92,2023-12-15,Rejected,Karnataka
TXN896746,100087,INV9279,SIP,20704.45,2023-08-18,Unknown,Tamil Nadu
TXN808730,100069,INV6396,SIP,83290.96,2023-08-01,Rejected,Karnataka
TXN394150,100088,INV1347,SIP,64558.8,2023-10-15,Unknown,Maharashtra
TXN311790,100053,INV3541,Redemption,97395.48,2023-10-30,Verified,Maharashtra
TXN250742,100031,INV8289,SIP,89621.48,2023-05-01,Rejected,Gujarat
TXN428613,100081,INV6683,Lumpsum,38007.81,2023-04-03,Rejected,Maharashtra
TXN482586,100086,INV9647,Lumpsum,6782.4,2023-02-11,Pending,Tamil Nadu
TXN723544,100041,INV8491,Redemption,67133.95,2023-10-22,Verified,Maharashtra
TXN816433,100079,INV2379,SIP,99053.54,2023-07-15,Unknown,Karnataka
TXN247548,100028,INV2332,Redemption,81590.82,2023-11-08,Verified,Gujarat
TXN614936,100047,INV5661,Lumpsum,67849.11,2023-07-14,Verified,Delhi
TXN685232,100056,INV4519,SIP,91516.67,2023-09-27,Pending,Maharashtra
TXN626564,100049,INV9073,Lumpsum,15822.71,2023-11-15,Pending,Tamil Nadu
TXN676183,100085,INV5912,SIP,43755.14,2023-08-16,Unknown,Karnataka
TXN439640,100060,INV1235,Lumpsum,1067.18,2023-11-03,Pending,Maharashtra
TXN158577,100087,INV9213,Redemption,14470.25,2023-08-08,Pending,Tamil Nadu
TXN565337,100042,INV1846,Redemption,95178.0,2023-11-16,Verified,Delhi
TXN232765,100069,INV1285,Redemption,72287.9,2023-12-30,Rejected,Delhi
TXN449412,100031,INV4200,Redemption,56851.44,2023-06-16,Rejected,Karnataka
TXN744433,100055,INV8471,Lumpsum,47440.19,2023-12-27,Pending,Delhi
TXN693052,100063,INV2605,Redemption,49743.25,2023-10-10,Pending,Maharashtra
TXN742573,100081,INV5896,SIP,97228.73,2023-05-18,Pending,Maharashtra
TXN275732,100080,INV6119,Redemption,23348.86,2023-12-17,Unknown,Gujarat
TXN201860,100051,INV4585,SIP,86194.58,2023-11-15,Verified,Maharashtra
TXN233255,100085,INV3800,SIP,77038.99,2023-06-11,Unknown,Gujarat
TXN545104,100032,INV1542,Lumpsum,18871.63,2023-11-01,Unknown,Maharashtra
TXN547152,100031,INV5287,Redemption,6672.84,2023-12-26,Unknown,Gujarat
TXN158480,100047,INV7973,Lumpsum,1408.19,2023-12-19,Pending,Maharashtra
TXN672910,100067,INV1550,SIP,90627.6,2023-12-14,Verified,Delhi
TXN679800,100041,INV2178,Lumpsum,34346.39,2023-02-10,Verified,Tamil Nadu
TXN206580,100033,INV7467,Redemption,32836.76,2023-08-18,Rejected,Karnataka
TXN553124,100062,INV7549,Redemption,56308.92,2023-10-14,Verified,Gujarat
TXN853929,100036,INV9666,Lumpsum,40588.48,2023-08-16,Pending,Delhi
TXN625461,100037,INV8930,Redemption,81442.09,2023-04-29,Verified,Gujarat
TXN907627,100087,INV9368,Lumpsum,5676.93,2023-12-20,Unknown,Tamil Nadu
TXN890987,100086,INV7277,Redemption,55927.61,2023-01-01,Pending,Karnataka
TXN690288,100068,INV4256,Lumpsum,56713.42,2023-03-30,Verified,Tamil Nadu
TXN192570,100031,INV5182,Redemption,62869.39,2023-11-05,Unknown,Tamil Nadu
TXN266407,100055,INV3580,SIP,35955.33,2023-03-10,Verified,Tamil Nadu
TXN692889,100034,INV5705,Lumpsum,74903.11,2023-01-21,Rejected,Maharashtra
TXN255033,100055,INV1772,Redemption,16194.63,2023-08-24,Unknown,Karnataka
TXN715062,100033,INV9980,SIP,70508.0,2023-09-21,Pending,Tamil Nadu
TXN429360,100051,INV1699,Lumpsum,54923.56,2023-03-08,Pending,Maharashtra
TXN971994,100064,INV1190,Redemption,4198.15,2023-12-28,Verified,Delhi
TXN425491,100048,INV5415,Lumpsum,65439.89,2023-08-26,Verified,Karnataka
TXN473861,100056,INV1406,Redemption,88615.05,2023-12-10,Verified,Delhi
TXN385039,100079,INV6856,SIP,63813.75,2023-11-24,Verified,Gujarat
TXN863495,100067,INV1087,Redemption,60451.44,2023-08-08,Rejected,Karnataka
TXN597167,100046,INV3563,Lumpsum,93151.36,2023-08-29,Unknown,Gujarat
TXN274790,100043,INV5244,Lumpsum,96207.32,2023-02-08,Verified,Karnataka
TXN357207,100081,INV2155,Redemption,82233.6,2023-05-21,Verified,Delhi
TXN252198,100069,INV5373,Redemption,53670.69,2023-05-12,Verified,Delhi
TXN871141,100059,INV3551,SIP,44319.21,2023-04-27,Unknown,Gujarat
TXN358754,100030,INV8974,Redemption,2492.55,2023-05-21,Verified,Karnataka
TXN779975,100049,INV3921,Redemption,51077.26,2023-02-09,Unknown,Karnataka
TXN702741,100055,INV3074,SIP,93569.65,2023-12-04,Rejected,Maharashtra
TXN655229,100033,INV2291,Lumpsum,25046.89,2023-08-23,Rejected,Delhi
TXN389137,100064,INV4294,SIP,73778.57,2023-04-06,Verified,Tamil Nadu
TXN339924,100066,INV7780,Lumpsum,376.11,2023-05-28,Verified,Tamil Nadu
TXN543076,100048,INV4492,Redemption,34782.73,2023-11-17,Pending,Delhi
TXN783783,100065,INV1912,Lumpsum,34188.64,2023-10-07,Verified,Tamil Nadu
TXN820859,100047,INV7921,Redemption,57783.58,2023-01-04,Verified,Delhi
TXN403901,100035,INV7656,Lumpsum,55399.21,2023-02-20,Pending,Delhi
TXN654092,100044,INV8602,Redemption,91599.7,2023-01-25,Verified,Tamil Nadu
TXN864735,100042,INV1975,SIP,28703.71,2023-10-09,Verified,Tamil Nadu
TXN189857,100064,INV9660,Lumpsum,88108.8,2023-01-14,Rejected,Delhi
TXN585623,100079,INV5701,SIP,19808.41,2023-07-18,Unknown,Maharashtra
TXN865396,100066,INV6284,Redemption,64523.74,2023-07-19,Pending,Karnataka
TXN512999,100034,INV4083,Redemption,28499.18,2023-02-15,Rejected,Delhi
TXN600901,100069,INV3312,SIP,88450.45,2023-10-07,Pending,Karnataka
TXN679829,100084,INV6294,Redemption,60416.5,2023-01-14,Verified,Tamil Nadu
TXN120004,100027,INV6795,SIP,61244.95,2023-06-24,Unknown,Karnataka
TXN423314,100065,INV8446,Redemption,42193.44,2023-12-09,Verified,Karnataka
TXN570511,100041,INV9345,SIP,66367.09,2023-10-23,Unknown,Delhi
TXN249638,100031,INV4031,SIP,58494.82,2023-08-03,Rejected,Karnataka
TXN501267,100086,INV9703,Lumpsum,20227.21,2023-09-08,Verified,Tamil Nadu
TXN897724,100077,INV3024,SIP,9572.68,2023-10-28,Unknown,Delhi
TXN924165,100079,INV6086,SIP,18780.61,2023-07-19,Rejected,Maharashtra
TXN308989,100060,INV7422,SIP,30524.32,2023-01-08,Pending,Tamil Nadu
TXN165351,100032,INV9496,Redemption,83486.74,2023-01-19,Rejected,Maharashtra
TXN911519,100030,INV7188,Lumpsum,74748.69,2023-07-14,Pending,Delhi
TXN326734,100052,INV7932,SIP,28937.76,2023-06-29,Rejected,Gujarat
TXN996132,100079,INV5031,SIP,64836.57,2023-07-18,Pending,Maharashtra
TXN749094,100061,INV9825,Lumpsum,65330.89,2023-09-22,Unknown,Delhi
TXN609655,100068,INV1533,Lumpsum,16704.18,2023-02-23,Pending,Gujarat
TXN664581,100080,INV9349,Redemption,50537.44,2023-07-19,Unknown,Gujarat
TXN512146,100035,INV1769,Lumpsum,34831.66,2023-02-13,Verified,Karnataka
TXN196657,100087,INV9618,Lumpsum,82292.38,2023-04-05,Pending,Tamil Nadu
TXN907825,100084,INV3693,SIP,6811.7,2023-08-13,Pending,Maharashtra
TXN447768,100066,INV7284,Redemption,44444.77,2023-02-07,Pending,Karnataka
TXN413320,100043,INV7169,SIP,69311.96,2023-01-12,Pending,Delhi
TXN688435,100044,INV9075,Redemption,67813.54,2023-08-26,Rejected,Maharashtra
TXN462841,100080,INV8237,Lumpsum,89753.85,2023-01-31,Unknown,Tamil Nadu
TXN476232,100029,INV7262,SIP,78868.39,2023-06-03,Unknown,Tamil Nadu
TXN205939,100067,INV7048,SIP,33829.99,2023-09-04,Rejected,Delhi
TXN546366,100042,INV7394,Lumpsum,88401.21,2023-04-22,Pending,Gujarat
TXN670306,100051,INV5211,Lumpsum,4347.81,2023-07-12,Unknown,Delhi
TXN721605,100051,INV3722,Redemption,71274.24,2023-07-10,Pending,Gujarat
TXN935327,100056,INV3708,Redemption,12635.03,2023-11-01,Unknown,Tamil Nadu
TXN350903,100027,INV2590,SIP,50915.88,2023-02-22,Pending,Tamil Nadu
TXN756435,100065,INV3282,Lumpsum,2596.63,2023-01-12,Unknown,Gujarat
TXN260876,100085,INV5073,Lumpsum,60994.13,2023-09-25,Pending,Delhi
TXN287452,100055,INV1739,Lumpsum,2178.62,2023-11-13,Rejected,Tamil Nadu
TXN219180,100037,INV3571,SIP,61556.25,2023-12-26,Pending,Tamil Nadu
TXN459485,100049,INV7004,Redemption,8810.83,2023-01-13,Rejected,Delhi
TXN472585,100037,INV1135,SIP,10845.29,2023-04-11,Pending,Karnataka
TXN102099,100034,INV9728,SIP,26744.02,2023-11-08,Verified,Gujarat
TXN350098,100054,INV3083,SIP,47634.25,2023-02-14,Unknown,Tamil Nadu
TXN797592,100046,INV2664,Lumpsum,89669.94,2023-08-27,Rejected,Maharashtra
TXN846884,100065,INV4285,Redemption,11674.8,2023-10-02,Rejected,Gujarat
TXN954061,100086,INV2158,Redemption,87046.12,2023-08-26,Rejected,Delhi
TXN143352,100033,INV7780,Lumpsum,33120.6,2023-06-11,Rejected,Tamil Nadu
TXN657147,100088,INV4413,Lumpsum,87830.32,2023-06-26,Verified,Karnataka
TXN744249,100068,INV5135,Lumpsum,24856.51,2023-06-22,Verified,Maharashtra
TXN444960,100028,INV6584,Lumpsum,522.42,2023-08-27,Rejected,Tamil Nadu
TXN417203,100086,INV1017,SIP,53565.85,2023-09-11,Unknown,Delhi
TXN858856,100059,INV1462,Lumpsum,31921.27,2023-07-16,Pending,Gujarat
TXN355984,100059,INV6081,Lumpsum,30336.18,2023-01-28,Rejected,Karnataka
TXN378297,100056,INV9789,Redemption,17531.81,2023-05-29,Verified,Gujarat
TXN527989,100061,INV9747,Lumpsum,57718.3,2023-05-03,Pending,Maharashtra
TXN760469,100080,INV7408,Lumpsum,24257.44,2023-09-16,Rejected,Tamil Nadu
TXN839247,100042,INV9680,SIP,16219.8,2023-01-20,Unknown,Karnataka
TXN895119,100027,INV5314,Redemption,25540.98,2023-04-06,Verified,Tamil Nadu
TXN804365,100061,INV8677,Redemption,72806.27,2023-02-02,Rejected,Delhi
TXN180684,100052,INV3600,Lumpsum,60436.25,2023-05-27,Unknown,Tamil Nadu
TXN178903,100047,INV5932,Lumpsum,72258.24,2023-02-05,Verified,Delhi
TXN397516,100051,INV5001,Lumpsum,7508.32,2023-11-13,Unknown,Tamil Nadu
TXN526528,100088,INV9006,SIP,42687.24,2023-06-11,Rejected,Tamil Nadu
TXN389845,100046,INV4271,Lumpsum,31858.26,2023-04-24,Pending,Karnataka
TXN149432,100064,INV7902,Lumpsum,45644.44,2023-07-30,Rejected,Tamil Nadu
TXN830074,100080,INV5723,Redemption,96546.84,2023-09-03,Verified,Delhi
TXN662628,100086,INV3398,SIP,67841.07,2023-05-05,Unknown,Tamil Nadu
TXN329216,100059,INV2390,Lumpsum,91764.06,2023-07-10,Rejected,Maharashtra
TXN253200,100049,INV4551,SIP,73946.27,2023-02-12,Verified,Maharashtra
TXN398947,100068,INV9730,Redemption,85346.96,2023-12-30,Rejected,Gujarat
TXN601634,100082,INV8329,Redemption,26998.27,2023-03-25,Unknown,Tamil Nadu
TXN723141,100046,INV3040,SIP,51936.26,2023-12-17,Verified,Karnataka
TXN930530,100034,INV2700,SIP,20380.43,2023-06-20,Rejected,Maharashtra
TXN700431,100067,INV6644,SIP,85110.77,2023-04-09,Rejected,Gujarat
TXN850014,100058,INV6147,SIP,94641.01,2023-12-19,Pending,Karnataka
TXN722315,100077,INV2445,SIP,1675.62,2023-02-26,Unknown,Gujarat
TXN240242,100078,INV8921,Redemption,48423.0,2023-09-01,Rejected,Tamil Nadu
TXN384406,100043,INV7494,Redemption,66746.9,2023-10-29,Rejected,Maharashtra
TXN139024,100078,INV3580,Lumpsum,7929.84,2023-08-17,Unknown,Delhi
TXN469277,100064,INV9148,SIP,78604.86,2023-06-30,Rejected,Gujarat
TXN366524,100079,INV3828,Redemption,92546.02,2023-08-21,Rejected,Delhi
TXN804383,100032,INV6330,SIP,88780.76,2023-06-18,Rejected,Gujarat
TXN561449,100036,INV5791,Redemption,17082.36,2023-10-29,Unknown,Karnataka
TXN177319,100043,INV4519,Lumpsum,63984.64,2023-11-25,Rejected,Karnataka
TXN412806,100061,INV3889,Redemption,49327.39,2023-03-13,Rejected,Tamil Nadu
TXN637709,100078,INV9644,SIP,71999.83,2023-09-15,Rejected,Delhi
TXN207572,100065,INV8962,Lumpsum,25302.51,2023-07-24,Unknown,Karnataka
TXN682533,100027,INV8483,Redemption,22495.96,2023-11-16,Rejected,Tamil Nadu
TXN796561,100086,INV4254,Lumpsum,32512.09,2023-05-23,Verified,Maharashtra
TXN880970,100061,INV5277,Lumpsum,53340.03,2023-12-26,Unknown,Gujarat
TXN645231,100043,INV8559,SIP,17629.35,2023-11-20,Pending,Gujarat
TXN692043,100057,INV1399,SIP,70568.94,2023-03-29,Pending,Gujarat
TXN308517,100030,INV4621,SIP,56768.94,2023-05-13,Verified,Delhi
TXN593359,100068,INV9025,Lumpsum,33258.18,2023-11-20,Unknown,Karnataka
TXN201124,100057,INV6923,SIP,83636.16,2023-08-23,Pending,Gujarat
TXN203602,100068,INV6468,SIP,33144.87,2023-11-07,Unknown,Gujarat
TXN872587,100034,INV7502,Redemption,88802.43,2023-09-09,Pending,Delhi
TXN790101,100081,INV3862,Lumpsum,91822.28,2023-06-02,Pending,Tamil Nadu
TXN215640,100044,INV1965,Redemption,73615.96,2023-01-15,Verified,Maharashtra
TXN409280,100053,INV5098,Redemption,62332.56,2023-04-06,Verified,Delhi
TXN953736,100055,INV8044,Lumpsum,76808.38,2023-11-07,Pending,Karnataka
TXN230327,100064,INV1468,Redemption,60440.07,2023-07-23,Unknown,Gujarat
TXN740105,100044,INV9045,Lumpsum,55936.16,2023-10-07,Verified,Maharashtra
TXN356539,100055,INV9328,SIP,41252.72,2023-11-23,Pending,Tamil Nadu
TXN394711,100030,INV1044,Redemption,8800.82,2023-12-12,Pending,Gujarat
TXN734634,100058,INV3054,Lumpsum,85396.1,2023-12-05,Rejected,Gujarat
TXN898167,100036,INV9395,Lumpsum,34519.22,2023-08-25,Rejected,Gujarat
TXN604178,100034,INV9747,SIP,66607.21,2023-05-13,Rejected,Maharashtra
TXN331984,100027,INV6165,SIP,57485.89,2023-09-27,Rejected,Karnataka
TXN644775,100047,INV6664,SIP,2461.43,2023-05-30,Verified,Delhi
TXN128817,100079,INV6892,SIP,44946.85,2023-03-26,Pending,Maharashtra
TXN928712,100060,INV2707,Lumpsum,25933.42,2023-05-28,Rejected,Gujarat
TXN312307,100044,INV2971,Lumpsum,47725.38,2023-03-01,Unknown,Karnataka
TXN685798,100037,INV4496,SIP,5019.27,2023-01-02,Rejected,Gujarat
TXN684214,100041,INV1397,SIP,59222.14,2023-09-02,Unknown,Gujarat
TXN857844,100077,INV4060,SIP,27485.65,2023-10-11,Unknown,Karnataka
TXN360330,100086,INV3511,Lumpsum,79555.9,2023-11-01,Rejected,Karnataka
TXN796252,100058,INV3603,Redemption,98871.8,2023-02-09,Pending,Tamil Nadu
TXN124492,100087,INV5207,SIP,92581.8,2023-01-01,Rejected,Karnataka
TXN179437,100067,INV8649,Redemption,11624.93,2023-06-02,Verified,Delhi
TXN460914,100044,INV3099,Lumpsum,25157.06,2023-06-11,Unknown,Maharashtra
TXN700317,100046,INV4161,Redemption,41973.21,2023-02-08,Verified,Gujarat
TXN252898,100058,INV6265,Redemption,28196.37,2023-02-27,Pending,Maharashtra
TXN157374,100043,INV5724,Lumpsum,90594.65,2023-11-26,Unknown,Karnataka
TXN324677,100052,INV7469,Redemption,54150.04,2023-08-29,Verified,Tamil Nadu
TXN171458,100031,INV7125,SIP,56073.02,2023-02-10,Unknown,Tamil Nadu
TXN141426,100027,INV6036,Lumpsum,36561.12,2023-06-28,Verified,Delhi
TXN129671,100077,INV8068,Redemption,82968.72,2023-09-05,Rejected,Gujarat
TXN473942,100043,INV9801,SIP,92847.61,2023-08-18,Rejected,Maharashtra
TXN373725,100066,INV4401,SIP,38989.37,2023-08-05,Pending,Delhi
TXN275113,100034,INV7520,Redemption,55674.54,2023-03-16,Pending,Karnataka
TXN121893,100033,INV8616,SIP,80787.76,2023-06-13,Unknown,Maharashtra
TXN224295,100046,INV2591,Lumpsum,98126.03,2023-01-06,Unknown,Karnataka
TXN135636,100030,INV5396,SIP,81905.96,2023-10-30,Unknown,Gujarat
TXN922163,100055,INV8570,Lumpsum,3922.01,2023-08-20,Rejected,Tamil Nadu
TXN745564,100088,INV4131,Redemption,7562.34,2023-01-11,Unknown,Delhi
TXN552182,100049,INV6125,Redemption,31327.11,2023-03-27,Verified,Gujarat
TXN357910,100033,INV8595,SIP,8026.19,2023-12-31,Unknown,Gujarat
TXN651790,100064,INV7378,SIP,46390.65,2023-06-06,Pending,Maharashtra
TXN276651,100038,INV5110,SIP,86563.44,2023-10-10,Unknown,Gujarat
TXN526052,100077,INV8117,SIP,4854.41,2023-11-14,Unknown,Maharashtra
TXN595645,100061,INV8972,SIP,15013.2,2023-03-11,Unknown,Maharashtra
TXN529455,100047,INV4000,SIP,84667.81,2023-04-03,Unknown,Karnataka
TXN838838,100078,INV9455,Lumpsum,24519.19,2023-12-10,Pending,Delhi
TXN856369,100044,INV3183,Lumpsum,33520.28,2023-04-12,Rejected,Tamil Nadu
TXN851075,100053,INV2724,Lumpsum,74290.9,2023-01-18,Pending,Tamil Nadu
TXN336533,100058,INV4016,Redemption,45014.98,2023-08-06,Pending,Tamil Nadu
TXN223910,100057,INV6720,Lumpsum,56913.97,2023-09-22,Unknown,Karnataka
TXN685489,100053,INV9177,Lumpsum,15599.98,2023-03-02,Rejected,Maharashtra
TXN183310,100032,INV8401,Lumpsum,90002.3,2023-04-03,Rejected,Delhi
TXN465176,100065,INV7949,SIP,80594.45,2023-05-09,Verified,Gujarat
TXN547766,100052,INV7197,Lumpsum,46681.09,2023-10-08,Rejected,Karnataka
TXN564924,100052,INV7200,Redemption,84386.08,2023-06-18,Verified,Karnataka
TXN393400,100061,INV8481,SIP,78114.0,2023-10-01,Rejected,Delhi
TXN855381,100085,INV8814,Redemption,19411.49,2023-02-15,Unknown,Maharashtra
TXN257456,100067,INV1483,Lumpsum,60422.78,2023-01-06,Verified,Gujarat
TXN818342,100058,INV7144,SIP,40602.15,2023-05-29,Unknown,Gujarat
TXN185983,100031,INV1844,Lumpsum,28591.3,2023-10-16,Unknown,Maharashtra
TXN822592,100036,INV5527,Redemption,72423.06,2023-09-17,Verified,Gujarat
TXN713154,100044,INV6335,Lumpsum,14109.17,2023-05-23,Verified,Gujarat
TXN150813,100034,INV3934,Lumpsum,83282.21,2023-12-27,Pending,Delhi
TXN887236,100027,INV3511,Lumpsum,53302.76,2023-10-22,Verified,Delhi
TXN316906,100084,INV9478,Redemption,40036.01,2023-11-15,Pending,Maharashtra
TXN375012,100079,INV9764,SIP,76085.25,2023-10-16,Rejected,Karnataka
TXN315991,100033,INV9401,Lumpsum,10835.24,2023-11-25,Unknown,Maharashtra
TXN633717,100032,INV5313,Redemption,59968.81,2023-09-21,Unknown,Karnataka
TXN509847,100068,INV8007,Redemption,41812.79,2023-08-30,Rejected,Maharashtra
TXN407149,100065,INV9323,SIP,79573.51,2023-10-25,Verified,Maharashtra
TXN219009,100044,INV2381,SIP,9703.94,2023-10-18,Rejected,Maharashtra
TXN292163,100064,INV1786,Redemption,26072.54,2023-04-03,Rejected,Gujarat
TXN942784,100043,INV8229,Redemption,49177.8,2023-08-24,Verified,Maharashtra
TXN607644,100036,INV8610,SIP,60783.73,2023-01-07,Verified,Karnataka
TXN921612,100065,INV7216,Lumpsum,49930.87,2023-09-09,Verified,Delhi
TXN520013,100079,INV2372,SIP,54140.22,2023-02-08,Pending,Delhi
TXN744468,100057,INV4225,Redemption,77314.99,2023-05-24,Rejected,Delhi
TXN293265,100038,INV6120,Lumpsum,10301.36,2023-08-02,Unknown,Gujarat
TXN135288,100044,INV1988,Lumpsum,35732.41,2023-08-15,Verified,Gujarat
TXN334900,100030,INV4970,Redemption,82677.62,2023-05-28,Rejected,Karnataka
TXN632492,100047,INV2413,Lumpsum,86025.44,2023-08-27,Pending,Gujarat
TXN321069,100032,INV8788,Redemption,40570.97,2023-03-17,Pending,Maharashtra
TXN396010,100048,INV1605,Lumpsum,75651.74,2023-09-12,Pending,Karnataka
TXN255022,100049,INV6601,SIP,91062.67,2023-07-27,Pending,Maharashtra
TXN861093,100084,INV5216,Lumpsum,71348.09,2023-11-09,Rejected,Tamil Nadu
TXN159301,100031,INV1661,Redemption,90777.34,2023-12-03,Unknown,Gujarat
TXN205645,100032,INV8680,Redemption,90551.45,2023-07-09,Verified,Maharashtra
TXN782379,100034,INV6883,SIP,77229.23,2023-07-28,Verified,Karnataka
TXN766847,100067,INV6299,Lumpsum,83149.1,2023-12-18,Verified,Maharashtra
TXN862215,100047,INV1475,Redemption,40050.81,2023-02-19,Rejected,Maharashtra
TXN854586,100032,INV5522,Redemption,53253.95,2023-08-25,Unknown,Karnataka
TXN594990,100053,INV3048,Lumpsum,71366.17,2023-06-02,Pending,Gujarat
TXN236042,100031,INV3946,SIP,1299.98,2023-03-01,Rejected,Tamil Nadu
TXN937392,100029,INV4265,Redemption,11405.47,2023-06-26,Verified,Karnataka
TXN330277,100057,INV3854,Lumpsum,34228.01,2023-03-17,Verified,Maharashtra
TXN920514,100081,INV4585,Redemption,58614.55,2023-06-04,Rejected,Delhi
TXN873071,100088,INV8594,Redemption,35337.94,2023-10-21,Pending,Karnataka
TXN305161,100086,INV5858,Lumpsum,88324.9,2023-10-12,Verified,Karnataka
TXN644731,100085,INV4037,SIP,71868.31,2023-12-12,Pending,Karnataka
TXN977508,100052,INV6892,Redemption,95252.07,2023-06-25,Rejected,Maharashtra
TXN875812,100069,INV4882,Redemption,1053.9,2023-11-24,Unknown,Tamil Nadu
TXN890032,100035,INV3647,SIP,8300.67,2023-03-17,Pending,Tamil Nadu
TXN888514,100069,INV4640,SIP,29188.32,2023-10-02,Unknown,Maharashtra
TXN569360,100066,INV6714,SIP,89787.3,2023-12-11,Rejected,Maharashtra
TXN581926,100049,INV7237,Redemption,25509.99,2023-01-13,Unknown,Karnataka
TXN560730,100054,INV3471,Redemption,47753.86,2023-01-30,Unknown,Gujarat
TXN955837,100068,INV4852,Redemption,34490.09,2023-07-18,Pending,Maharashtra
TXN460384,100030,INV7193,SIP,33805.57,2023-12-04,Verified,Karnataka
TXN290355,100035,INV8178,Redemption,7659.79,2023-10-08,Rejected,Gujarat
TXN404471,100047,INV8132,SIP,44175.31,2023-08-18,Rejected,Delhi
TXN149582,100061,INV2557,SIP,88301.25,2023-12-11,Unknown,Gujarat
TXN907209,100035,INV7434,SIP,11240.7,2023-06-02,Rejected,Karnataka
TXN468664,100079,INV5562,Lumpsum,70113.7,2023-12-05,Pending,Karnataka
TXN868946,100048,INV8862,SIP,86667.14,2023-11-09,Rejected,Tamil Nadu
TXN877955,100055,INV6621,Lumpsum,98831.76,2023-02-04,Unknown,Karnataka
TXN717472,100033,INV7101,SIP,80242.98,2023-05-02,Rejected,Maharashtra
TXN550903,100066,INV4531,SIP,13718.07,2023-03-16,Pending,Karnataka
TXN809933,100032,INV5295,Lumpsum,38347.8,2023-12-16,Pending,Gujarat
TXN966779,100067,INV3540,SIP,43366.64,2023-11-01,Unknown,Maharashtra
TXN912688,100056,INV7334,SIP,56941.82,2023-02-08,Rejected,Gujarat
TXN767285,100033,INV3229,SIP,28331.27,2023-06-18,Verified,Karnataka
TXN436787,100030,INV6555,Lumpsum,94302.12,2023-07-28,Verified,Delhi
TXN959441,100028,INV4912,Redemption,78776.8,2023-12-08,Unknown,Karnataka
TXN699992,100080,INV4004,Lumpsum,85099.26,2023-03-22,Verified,Delhi
TXN350089,100030,INV7589,SIP,70029.97,2023-03-01,Pending,Maharashtra
TXN473088,100088,INV4268,Lumpsum,39541.91,2023-01-16,Unknown,Delhi
TXN646734,100035,INV5177,Redemption,96378.25,2023-02-20,Unknown,Delhi
TXN881970,100081,INV2753,Redemption,93117.55,2023-06-11,Pending,Karnataka
TXN434960,100035,INV8821,SIP,9070.54,2023-03-15,Pending,Karnataka
TXN359571,100079,INV3508,SIP,17434.02,2023-03-24,Pending,Maharashtra
TXN903694,100051,INV2066,Lumpsum,75790.35,2023-08-12,Unknown,Tamil Nadu
TXN285904,100031,INV4885,SIP,74267.2,2023-02-24,Pending,Karnataka
TXN821323,100080,INV1892,Lumpsum,54137.35,2023-11-25,Rejected,Tamil Nadu
TXN384203,100088,INV7336,Lumpsum,28262.27,2023-07-24,Unknown,Delhi
TXN864951,100054,INV6576,Redemption,59927.65,2023-04-23,Pending,Karnataka
TXN535458,100079,INV3540,Lumpsum,46391.69,2023-03-26,Rejected,Maharashtra
TXN141327,100056,INV7936,Lumpsum,3385.55,2023-01-15,Rejected,Gujarat
TXN941374,100030,INV3875,Redemption,50093.96,2023-07-25,Rejected,Karnataka
TXN259560,100059,INV3931,SIP,83264.47,2023-05-27,Pending,Delhi
TXN704697,100067,INV7950,SIP,31117.42,2023-05-21,Unknown,Karnataka
TXN951717,100042,INV1138,Lumpsum,45141.0,2023-11-01,Pending,Gujarat
TXN586486,100032,INV8237,Redemption,57964.93,2023-10-09,Verified,Tamil Nadu
TXN953091,100041,INV9713,Redemption,87423.5,2023-08-14,Pending,Tamil Nadu
TXN172902,100068,INV6664,SIP,98645.24,2023-04-13,Rejected,Tamil Nadu
TXN828414,100035,INV5844,Lumpsum,74037.91,2023-12-23,Unknown,Tamil Nadu
TXN219605,100052,INV6703,Lumpsum,77100.29,2023-07-04,Rejected,Maharashtra
TXN589900,100058,INV8460,Redemption,78192.28,2023-06-25,Rejected,Delhi
TXN229629,100030,INV9480,Lumpsum,46599.7,2023-02-15,Pending,Karnataka
TXN674945,100043,INV5204,Redemption,27179.26,2023-02-26,Verified,Tamil Nadu
TXN696775,100079,INV2512,Redemption,95849.57,2023-08-11,Pending,Maharashtra
TXN580101,100049,INV4684,SIP,86749.34,2023-12-19,Rejected,Tamil Nadu
TXN213280,100068,INV1830,SIP,21657.16,2023-05-22,Verified,Karnataka
TXN225418,100035,INV6796,SIP,87555.47,2023-01-05,Rejected,Karnataka
TXN448696,100048,INV5981,Redemption,11748.97,2023-07-22,Rejected,Maharashtra
TXN239262,100044,INV2141,Redemption,41156.16,2023-06-07,Pending,Gujarat
TXN684228,100084,INV7773,Redemption,58746.03,2023-02-03,Rejected,Gujarat
TXN438549,100082,INV1503,Redemption,81189.66,2023-06-21,Pending,Maharashtra
TXN573778,100041,INV4578,Lumpsum,81350.63,2023-05-14,Unknown,Delhi
TXN238768,100064,INV7408,Lumpsum,60851.88,2023-06-18,Pending,Karnataka
TXN725258,100043,INV9938,Lumpsum,18493.84,2023-12-03,Pending,Maharashtra
TXN985771,100029,INV2979,Redemption,16231.51,2023-04-08,Unknown,Karnataka
TXN793171,100064,INV8446,Lumpsum,25574.43,2023-06-26,Unknown,Karnataka
TXN290276,100031,INV8158,Redemption,53549.4,2023-12-07,Unknown,Delhi
TXN563353,100060,INV2376,SIP,85496.35,2023-11-06,Verified,Karnataka
TXN420726,100087,INV8588,SIP,26488.88,2023-02-03,Pending,Delhi
TXN899376,100088,INV4807,Redemption,6081.0,2023-06-12,Verified,Delhi
TXN455833,100057,INV8195,Redemption,2507.16,2023-09-02,Unknown,Gujarat
TXN271586,100042,INV8125,SIP,33444.94,2023-07-23,Verified,Tamil Nadu
TXN510857,100031,INV5062,SIP,39298.69,2023-06-03,Verified,Delhi
TXN911754,100043,INV1154,Redemption,1270.03,2023-02-09,Verified,Karnataka
TXN743606,100079,INV6043,Redemption,53109.07,2023-02-09,Verified,Maharashtra
TXN256796,100044,INV8297,Lumpsum,72990.96,2023-06-17,Verified,Tamil Nadu
TXN336254,100062,INV6031,SIP,42710.22,2023-10-11,Rejected,Gujarat
TXN321310,100077,INV2750,Lumpsum,48335.21,2023-12-30,Verified,Delhi
TXN111114,100036,INV3731,Redemption,79166.52,2023-08-02,Rejected,Karnataka
TXN140012,100046,INV1729,Redemption,41054.85,2023-10-15,Rejected,Gujarat
TXN573124,100030,INV9437,SIP,86471.53,2023-07-15,Unknown,Tamil Nadu
TXN261644,100051,INV6006,SIP,25630.0,2023-02-08,Verified,Tamil Nadu
TXN365551,100081,INV3496,Redemption,3221.13,2023-01-26,Unknown,Tamil Nadu
TXN642234,100063,INV8463,SIP,34377.14,2023-02-19,Pending,Karnataka
TXN407999,100077,INV7103,Lumpsum,86028.19,2023-09-13,Unknown,Karnataka
TXN596662,100031,INV5356,SIP,31344.0,2023-06-02,Verified,Maharashtra
TXN695799,100062,INV1859,SIP,46608.43,2023-07-07,Unknown,Gujarat
TXN423376,100087,INV5680,Lumpsum,87850.26,2023-04-29,Verified,Delhi
TXN348405,100047,INV3682,SIP,12844.95,2023-08-03,Unknown,Gujarat
TXN937591,100048,INV8390,SIP,40014.5,2023-07-30,Pending,Maharashtra
TXN344771,100065,INV3897,Redemption,27421.4,2023-09-18,Verified,Maharashtra
TXN724877,100085,INV1302,SIP,16249.44,2023-10-23,Pending,Delhi
TXN459722,100085,INV2530,Lumpsum,72993.75,2023-12-26,Unknown,Karnataka
TXN195384,100033,INV8421,Redemption,28560.93,2023-01-25,Rejected,Gujarat
TXN688069,100044,INV7435,Lumpsum,20749.32,2023-09-04,Pending,Tamil Nadu
TXN239000,100082,INV5701,Redemption,47626.95,2023-08-23,Unknown,Maharashtra
TXN807559,100067,INV1170,SIP,95555.18,2023-08-28,Verified,Delhi
TXN235058,100054,INV7324,Redemption,67758.58,2023-05-27,Pending,Maharashtra
TXN485505,100037,INV8889,SIP,4019.06,2023-03-28,Verified,Maharashtra
TXN141469,100063,INV5956,Lumpsum,35475.58,2023-06-03,Verified,Gujarat
TXN404749,100057,INV1709,Redemption,71883.97,2023-09-16,Rejected,Gujarat
TXN353361,100043,INV7998,Redemption,19808.26,2023-11-09,Unknown,Gujarat
TXN949783,100078,INV1201,Lumpsum,73494.15,2023-05-25,Rejected,Delhi
TXN194808,100047,INV6757,Redemption,98624.65,2023-03-23,Rejected,Maharashtra
TXN855867,100080,INV2984,SIP,94500.41,2023-06-11,Unknown,Maharashtra
TXN532921,100086,INV8347,Lumpsum,87014.36,2023-04-02,Verified,Karnataka
TXN441578,100085,INV6027,Lumpsum,12753.01,2023-04-15,Unknown,Delhi
TXN902024,100035,INV6652,SIP,50637.81,2023-09-12,Verified,Maharashtra
TXN637090,100044,INV3049,Redemption,57611.16,2023-09-01,Rejected,Karnataka
TXN854430,100085,INV7585,Redemption,61341.86,2023-11-11,Unknown,Gujarat
TXN514248,100087,INV9123,SIP,23457.74,2023-05-27,Rejected,Tamil Nadu
TXN485229,100078,INV5910,Lumpsum,50537.77,2023-09-08,Unknown,Maharashtra
TXN651284,100062,INV8486,SIP,75682.51,2023-07-08,Pending,Karnataka
TXN564408,100080,INV3191,SIP,21954.15,2023-10-30,Rejected,Karnataka
TXN626318,100085,INV7164,SIP,73802.24,2023-06-11,Unknown,Maharashtra
TXN938177,100031,INV4990,Redemption,35006.67,2023-02-11,Unknown,Delhi
TXN316756,100078,INV9006,Lumpsum,12417.21,2023-11-05,Verified,Gujarat
TXN475184,100028,INV5351,Redemption,71830.64,2023-05-05,Unknown,Gujarat
TXN419372,100062,INV2399,Lumpsum,58826.52,2023-06-21,Rejected,Tamil Nadu
TXN128221,100082,INV8892,Lumpsum,12670.2,2023-08-07,Unknown,Gujarat
TXN596933,100043,INV3040,Lumpsum,48683.93,2023-02-25,Verified,Gujarat
TXN192607,100056,INV8500,Lumpsum,88337.27,2023-07-24,Unknown,Tamil Nadu
TXN995775,100031,INV9313,Lumpsum,48816.42,2023-12-28,Pending,Karnataka
TXN120529,100078,INV7157,Redemption,84659.99,2023-04-19,Rejected,Maharashtra
TXN268380,100065,INV9252,SIP,61816.4,2023-12-18,Verified,Maharashtra
TXN962411,100052,INV8190,Redemption,63118.13,2023-12-11,Rejected,Delhi
TXN406997,100069,INV8233,Redemption,97742.63,2023-04-23,Verified,Delhi
TXN757871,100046,INV4388,Redemption,27608.06,2023-04-03,Unknown,Tamil Nadu
TXN615955,100057,INV9702,Redemption,79841.13,2023-10-10,Pending,Maharashtra
TXN620930,100081,INV7266,Redemption,97682.11,2023-03-01,Rejected,Karnataka
TXN759125,100062,INV5284,SIP,57007.56,2023-06-15,Unknown,Karnataka
TXN703714,100047,INV7098,Lumpsum,22357.83,2023-08-24,Pending,Karnataka
TXN999748,100086,INV6371,Redemption,29990.78,2023-06-24,Unknown,Delhi
TXN891674,100086,INV9182,Lumpsum,906.43,2023-09-13,Unknown,Delhi
TXN796715,100042,INV5294,SIP,9137.14,2023-10-18,Pending,Gujarat
TXN103918,100037,INV7109,Lumpsum,36845.7,2023-02-10,Pending,Maharashtra
TXN845873,100054,INV7316,SIP,60399.6,2023-02-26,Unknown,Tamil Nadu
TXN133155,100041,INV3879,SIP,76042.17,2023-01-26,Pending,Tamil Nadu
TXN520830,100038,INV6682,SIP,16101.0,2023-03-24,Unknown,Delhi
TXN561293,100065,INV8527,Lumpsum,44473.15,2023-05-18,Rejected,Maharashtra
TXN598339,100088,INV4416,SIP,45846.02,2023-09-30,Pending,Gujarat
TXN305929,100069,INV8587,Redemption,11291.28,2023-03-16,Pending,Tamil Nadu
TXN819497,100041,INV4070,Lumpsum,22083.26,2023-01-19,Unknown,Maharashtra
TXN746798,100048,INV3717,Redemption,49904.04,2023-07-03,Pending,Maharashtra
TXN883061,100038,INV1181,Redemption,55811.89,2023-07-22,Unknown,Tamil Nadu
TXN931040,100031,INV9681,Redemption,42381.87,2023-01-27,Pending,Tamil Nadu
TXN818953,100053,INV2730,SIP,90909.76,2023-04-24,Pending,Delhi
TXN925689,100085,INV4092,SIP,22655.82,2023-06-01,Unknown,Delhi
TXN937504,100084,INV2783,Lumpsum,10399.65,2023-04-06,Rejected,Maharashtra
TXN797331,100084,INV7851,Lumpsum,58882.07,2023-12-27,Pending,Gujarat
TXN793865,100031,INV7446,Lumpsum,80597.57,2023-10-28,Verified,Gujarat
TXN379956,100062,INV9113,Redemption,91958.42,2023-11-23,Rejected,Tamil Nadu
TXN529229,100084,INV1681,SIP,16343.65,2023-11-16,Rejected,Karnataka
TXN804182,100081,INV3326,Redemption,17050.27,2023-08-27,Unknown,Tamil Nadu
TXN220376,100060,INV2460,Redemption,76293.25,2023-08-17,Rejected,Gujarat
TXN216536,100077,INV9593,Redemption,57231.95,2023-03-31,Rejected,Tamil Nadu
TXN520139,100051,INV6821,SIP,8863.88,2023-09-30,Verified,Karnataka
TXN540786,100030,INV6225,Lumpsum,66171.26,2023-12-05,Pending,Gujarat
TXN518714,100042,INV8455,Redemption,55769.08,2023-11-17,Pending,Delhi
TXN189451,100066,INV4716,SIP,57982.53,2023-11-26,Pending,Karnataka
TXN859365,100028,INV2554,SIP,62222.5,2023-07-20,Pending,Tamil Nadu
TXN533132,100067,INV7144,Redemption,57108.92,2023-09-20,Rejected,Maharashtra
TXN587578,100027,INV9338,Redemption,81142.63,2023-01-05,Unknown,Delhi
TXN807302,100081,INV8787,Lumpsum,10358.9,2023-04-19,Rejected,Tamil Nadu
TXN790399,100031,INV3835,Lumpsum,43300.89,2023-01-14,Rejected,Delhi
TXN870942,100069,INV6716,Lumpsum,71637.41,2023-10-09,Rejected,Tamil Nadu
TXN767085,100060,INV9664,Redemption,67950.72,2023-02-04,Unknown,Gujarat
TXN661015,100054,INV1869,Redemption,94483.35,2023-05-19,Verified,Delhi
TXN322377,100086,INV8621,SIP,21732.66,2023-11-03,Pending,Maharashtra
TXN197027,100034,INV4430,SIP,66331.67,2023-01-11,Rejected,Delhi
TXN232408,100029,INV8418,SIP,7797.85,2023-12-14,Pending,Karnataka
TXN623834,100031,INV6960,Redemption,33300.38,2023-10-24,Unknown,Tamil Nadu
TXN388231,100056,INV1153,Redemption,22299.29,2023-07-20,Unknown,Gujarat
TXN989331,100028,INV8196,Redemption,77906.11,2023-04-26,Unknown,Delhi
TXN854208,100080,INV9146,SIP,4542.37,2023-12-17,Verified,Gujarat
TXN797370,100061,INV7784,Lumpsum,22258.71,2023-02-09,Verified,Gujarat
TXN295345,100064,INV6092,Lumpsum,94804.7,2023-11-02,Pending,Gujarat
TXN506515,100077,INV7775,SIP,5673.67,2023-01-31,Unknown,Gujarat
TXN361098,100069,INV6375,Redemption,19859.55,2023-10-14,Rejected,Gujarat
TXN500717,100048,INV2710,Lumpsum,44853.66,2023-02-17,Verified,Delhi
TXN198416,100067,INV2154,Redemption,85288.49,2023-05-22,Verified,Delhi
TXN848199,100041,INV4870,SIP,51164.47,2023-09-19,Verified,Delhi
TXN795380,100052,INV9824,Redemption,64418.82,2023-08-03,Unknown,Tamil Nadu
TXN119095,100062,INV6772,Redemption,58376.52,2023-04-24,Pending,Delhi
TXN250691,100069,INV5648,Lumpsum,62422.92,2023-10-26,Verified,Tamil Nadu
TXN343554,100084,INV1776,Redemption,57680.78,2023-10-12,Pending,Tamil Nadu
TXN434381,100041,INV6178,Redemption,29331.51,2023-06-24,Pending,Maharashtra
TXN397377,100085,INV8494,SIP,19980.84,2023-08-10,Pending,Maharashtra
TXN157540,100079,INV4336,Lumpsum,76553.79,2023-10-18,Unknown,Gujarat
TXN664943,100049,INV7726,Redemption,45790.38,2023-08-19,Verified,Maharashtra
TXN604936,100028,INV6715,Lumpsum,88102.16,2023-03-24,Rejected,Tamil Nadu
TXN257423,100057,INV4635,Lumpsum,18217.76,2023-05-15,Verified,Maharashtra
TXN370492,100041,INV9790,SIP,39464.69,2023-09-24,Unknown,Tamil Nadu
TXN794097,100051,INV6889,SIP,99545.17,2023-10-03,Pending,Delhi
TXN731219,100084,INV4443,Lumpsum,25866.1,2023-11-20,Rejected,Delhi
TXN499707,100055,INV5369,Lumpsum,3122.07,2023-07-18,Pending,Delhi
TXN546386,100032,INV8853,SIP,33719.75,2023-02-06,Pending,Delhi
TXN510093,100067,INV8599,Lumpsum,97358.13,2023-06-17,Rejected,Gujarat
TXN833827,100031,INV6166,SIP,72286.92,2023-10-24,Pending,Delhi
TXN148610,100085,INV3404,Redemption,87109.31,2023-09-17,Unknown,Tamil Nadu
TXN341915,100046,INV9810,Redemption,57487.15,2023-10-29,Pending,Delhi
TXN465502,100055,INV9382,Lumpsum,80891.68,2023-06-18,Unknown,Maharashtra
TXN652369,100044,INV9451,Lumpsum,67244.44,2023-10-07,Unknown,Delhi
TXN316211,100057,INV8433,Redemption,15529.7,2023-12-09,Pending,Tamil Nadu
TXN915057,100088,INV2463,Lumpsum,83372.94,2023-10-18,Rejected,Gujarat
TXN127777,100057,INV9544,SIP,50623.96,2023-04-04,Rejected,Tamil Nadu
TXN232593,100054,INV9000,SIP,9331.84,2023-07-13,Pending,Tamil Nadu
TXN747723,100061,INV5125,SIP,86169.5,2023-06-19,Verified,Gujarat
TXN107490,100058,INV4675,Lumpsum,57346.09,2023-09-29,Unknown,Delhi
TXN230123,100048,INV1493,Redemption,13369.89,2023-04-11,Unknown,Maharashtra
TXN134870,100058,INV3164,SIP,51016.2,2023-12-30,Pending,Tamil Nadu
TXN471296,100064,INV1595,Redemption,89738.15,2023-11-13,Verified,Maharashtra
TXN664373,100077,INV5918,Redemption,39182.45,2023-09-01,Verified,Karnataka
TXN111196,100085,INV3922,Lumpsum,91402.27,2023-05-02,Rejected,Maharashtra
TXN421863,100053,INV8510,Redemption,43579.83,2023-06-03,Verified,Gujarat
TXN773516,100061,INV2939,Redemption,29132.7,2023-09-04,Verified,Karnataka
TXN698181,100044,INV1212,SIP,7905.28,2023-11-16,Rejected,Karnataka
TXN838430,100085,INV3999,SIP,76068.98,2023-08-02,Unknown,Gujarat
TXN565333,100037,INV4485,SIP,47714.85,2023-12-30,Pending,Maharashtra
TXN207876,100055,INV4445,Redemption,43388.24,2023-09-10,Verified,Tamil Nadu
TXN290333,100027,INV8845,Lumpsum,58616.59,2023-09-12,Pending,Karnataka
TXN413220,100059,INV7914,Redemption,92011.57,2023-08-23,Verified,Gujarat
TXN616769,100059,INV2886,Lumpsum,20850.96,2023-03-12,Unknown,Maharashtra
TXN297472,100043,INV2964,Redemption,78327.8,2023-08-10,Unknown,Gujarat
TXN831969,100049,INV5643,SIP,65791.26,2023-01-28,Verified,Tamil Nadu
TXN448151,100044,INV5021,SIP,29052.52,2023-06-09,Unknown,Maharashtra
TXN682385,100047,INV2255,SIP,92449.88,2023-04-22,Pending,Karnataka
TXN484990,100029,INV8606,Redemption,47935.59,2023-09-21,Pending,Maharashtra
TXN554532,100043,INV7958,Redemption,94296.82,2023-09-17,Unknown,Delhi
TXN472761,100064,INV6187,Redemption,76870.27,2023-11-05,Rejected,Karnataka
TXN720027,100077,INV9570,Lumpsum,97306.77,2023-12-16,Verified,Tamil Nadu
TXN430107,100079,INV1968,Lumpsum,35996.7,2023-06-01,Verified,Maharashtra
TXN524683,100064,INV6458,SIP,8286.63,2023-12-19,Rejected,Maharashtra
TXN273293,100067,INV3563,SIP,66832.08,2023-05-26,Pending,Tamil Nadu
TXN575790,100032,INV1560,Redemption,42729.11,2023-12-14,Verified,Tamil Nadu
TXN683377,100057,INV6179,SIP,97813.22,2023-03-05,Unknown,Delhi
TXN368356,100035,INV3495,SIP,27990.2,2023-02-28,Pending,Karnataka
TXN845454,100080,INV8202,SIP,3797.93,2023-05-12,Pending,Gujarat
TXN645171,100030,INV6587,Redemption,38249.15,2023-03-03,Rejected,Maharashtra
TXN198003,100068,INV8305,SIP,64946.46,2023-09-21,Unknown,Delhi
TXN484473,100079,INV4206,SIP,23853.33,2023-08-21,Rejected,Gujarat
TXN673465,100041,INV4843,Redemption,61812.7,2023-01-20,Rejected,Gujarat
TXN356047,100036,INV3008,Lumpsum,56249.59,2023-11-11,Rejected,Gujarat
TXN366460,100054,INV6802,Redemption,58258.59,2023-12-17,Unknown,Delhi
TXN199442,100065,INV9904,Lumpsum,50200.42,2023-08-07,Pending,Delhi
TXN748817,100041,INV8591,Lumpsum,23921.08,2023-09-22,Unknown,Tamil Nadu
TXN710897,100030,INV6907,Redemption,5430.5,2023-10-30,Verified,Gujarat
TXN459809,100038,INV2644,Lumpsum,71013.43,2023-10-24,Verified,Gujarat
TXN485621,100046,INV6054,Lumpsum,77980.53,2023-05-29,Rejected,Gujarat
TXN951821,100053,INV2923,Lumpsum,13764.23,2023-06-15,Pending,Maharashtra
TXN872016,100028,INV1548,SIP,77105.28,2023-06-30,Unknown,Delhi
TXN652761,100059,INV8591,Redemption,92600.51,2023-01-15,Rejected,Delhi
TXN428351,100085,INV5162,Lumpsum,13330.42,2023-05-23,Verified,Delhi
TXN656985,100041,INV9897,SIP,80073.38,2023-01-13,Rejected,Delhi
TXN820332,100057,INV3338,Redemption,77715.29,2023-11-21,Verified,Maharashtra
TXN362192,100034,INV9461,SIP,90611.0,2023-10-24,Verified,Tamil Nadu
TXN931422,100058,INV6719,SIP,85434.69,2023-03-26,Unknown,Maharashtra
TXN754106,100053,INV8941,Lumpsum,48113.25,2023-02-11,Rejected,Maharashtra
TXN300582,100052,INV3974,Lumpsum,52227.48,2023-06-16,Rejected,Karnataka
TXN174976,100041,INV2566,Lumpsum,80204.95,2023-05-30,Pending,Maharashtra
TXN557375,100038,INV3686,Redemption,98279.3,2023-04-09,Unknown,Maharashtra
TXN945236,100041,INV9014,SIP,47885.45,2023-02-17,Unknown,Tamil Nadu
TXN340334,100060,INV4912,Lumpsum,10472.75,2023-04-14,Pending,Maharashtra
TXN172124,100060,INV5074,Lumpsum,21916.18,2023-01-06,Unknown,Tamil Nadu
TXN966775,100031,INV7851,Redemption,83612.32,2023-04-01,Verified,Gujarat
TXN664349,100032,INV6077,Redemption,74520.5,2023-04-08,Rejected,Tamil Nadu
TXN952280,100062,INV6110,SIP,38351.71,2023-11-02,Pending,Delhi
TXN318237,100080,INV5649,SIP,82934.51,2023-12-05,Pending,Maharashtra
TXN515699,100077,INV9858,Redemption,77801.59,2023-06-21,Rejected,Tamil Nadu
TXN322260,100056,INV3626,Redemption,89678.92,2023-09-23,Pending,Karnataka
TXN502421,100043,INV6051,Redemption,15688.95,2023-11-14,Verified,Tamil Nadu
TXN825516,100077,INV2147,SIP,1198.26,2023-04-08,Unknown,Karnataka
TXN965513,100029,INV9407,Lumpsum,31894.35,2023-04-29,Pending,Gujarat
TXN195345,100064,INV9283,Lumpsum,17659.07,2023-05-11,Verified,Karnataka
TXN934462,100027,INV2280,Lumpsum,52902.12,2023-08-09,Unknown,Gujarat
TXN335008,100038,INV6523,Redemption,80067.38,2023-09-10,Rejected,Delhi
TXN876689,100038,INV5991,Redemption,26946.69,2023-01-07,Pending,Delhi
TXN751092,100060,INV7583,Redemption,33951.95,2023-05-25,Rejected,Karnataka
TXN599041,100067,INV1874,Lumpsum,91823.15,2023-09-11,Rejected,Maharashtra
TXN493649,100028,INV4184,SIP,48474.35,2023-08-15,Verified,Karnataka
TXN939636,100038,INV4276,SIP,36813.95,2023-02-05,Unknown,Gujarat
TXN896788,100086,INV6107,Lumpsum,79842.59,2023-10-19,Pending,Maharashtra
TXN198397,100085,INV3028,Lumpsum,56750.96,2023-04-13,Unknown,Karnataka
TXN383993,100081,INV1700,SIP,59627.69,2023-06-05,Pending,Karnataka
TXN934903,100077,INV5676,SIP,1335.81,2023-06-20,Verified,Maharashtra
TXN208558,100046,INV2209,Lumpsum,99400.84,2023-04-20,Rejected,Maharashtra
TXN884156,100080,INV4812,Lumpsum,16643.2,2023-01-12,Rejected,Maharashtra
TXN923165,100082,INV6496,SIP,78772.78,2023-09-18,Verified,Delhi
TXN323325,100028,INV7896,SIP,51718.57,2023-09-25,Pending,Gujarat
TXN168062,100044,INV1039,Lumpsum,52697.53,2023-07-18,Pending,Delhi
TXN856840,100062,INV6644,SIP,96079.07,2023-03-15,Rejected,Gujarat
TXN694017,100044,INV7342,SIP,76869.05,2023-11-10,Pending,Maharashtra
TXN809004,100035,INV2488,SIP,33587.29,2023-02-02,Unknown,Maharashtra
TXN899488,100065,INV7484,Redemption,48717.23,2023-07-11,Unknown,Delhi
TXN374482,100043,INV7140,SIP,82642.8,2023-02-04,Unknown,Karnataka
TXN536212,100028,INV6440,Redemption,30593.31,2023-01-03,Unknown,Karnataka
TXN561766,100036,INV1594,Redemption,12355.58,2023-09-04,Unknown,Gujarat
TXN344037,100079,INV1325,Lumpsum,14302.85,2023-08-26,Unknown,Tamil Nadu
TXN852836,100087,INV2989,SIP,49034.71,2023-08-13,Pending,Delhi
TXN132584,100053,INV3103,SIP,79165.21,2023-09-21,Unknown,Delhi
TXN823265,100058,INV6074,Lumpsum,32593.16,2023-07-23,Rejected,Tamil Nadu
TXN449982,100086,INV7440,Lumpsum,89270.56,2023-08-17,Unknown,Tamil Nadu
TXN228475,100084,INV7013,SIP,21385.11,2023-06-10,Verified,Karnataka
TXN293241,100027,INV7703,SIP,30412.02,2023-10-03,Pending,Delhi
TXN853940,100041,INV8218,Lumpsum,82510.84,2023-03-18,Verified,Gujarat
TXN413371,100031,INV8151,Lumpsum,86945.55,2023-02-04,Rejected,Tamil Nadu
TXN492506,100078,INV3354,SIP,42565.42,2023-10-19,Verified,Delhi
TXN153808,100079,INV9148,Redemption,95858.24,2023-03-27,Rejected,Gujarat
TXN161157,100085,INV5522,Redemption,87555.73,2023-09-21,Rejected,Tamil Nadu
TXN632668,100085,INV6566,Lumpsum,83437.84,2023-03-12,Verified,Gujarat
TXN922753,100069,INV2357,SIP,82034.79,2023-04-30,Rejected,Delhi
TXN913114,100044,INV4334,Lumpsum,15192.24,2023-08-11,Unknown,Tamil Nadu
TXN385815,100082,INV5930,Redemption,65422.15,2023-09-08,Unknown,Delhi
TXN376873,100033,INV8243,Redemption,12840.47,2023-08-07,Rejected,Maharashtra
TXN625361,100027,INV7518,SIP,354.69,2023-09-14,Rejected,Maharashtra
TXN698994,100048,INV7330,Redemption,93834.4,2023-07-17,Verified,Maharashtra
TXN971888,100051,INV3887,SIP,28724.51,2023-10-06,Rejected,Maharashtra
TXN845766,100088,INV3772,Lumpsum,49451.05,2023-07-14,Unknown,Gujarat
TXN152619,100049,INV5931,Lumpsum,51772.18,2023-05-21,Pending,Delhi
TXN290477,100052,INV6384,Redemption,96577.16,2023-09-21,Unknown,Delhi
TXN716462,100056,INV5672,SIP,9094.43,2023-06-27,Pending,Delhi
TXN632204,100033,INV7584,SIP,49398.15,2023-06-30,Pending,Karnataka
TXN355567,100030,INV1820,Redemption,15530.14,2023-12-23,Verified,Maharashtra
TXN733123,100068,INV5037,Lumpsum,11102.39,2023-11-20,Rejected,Tamil Nadu
TXN339130,100027,INV7133,Lumpsum,76605.6,2023-08-26,Rejected,Tamil Nadu
TXN923414,100061,INV4196,Lumpsum,46289.61,2023-06-12,Pending,Delhi
TXN275747,100033,INV6952,Redemption,9095.86,2023-05-07,Verified,Delhi
TXN259003,100061,INV1766,Lumpsum,5236.1,2023-02-25,Pending,Delhi
TXN214930,100056,INV1365,Redemption,62666.67,2023-05-29,Rejected,Karnataka
TXN130830,100042,INV5316,Lumpsum,92900.71,2023-10-05,Verified,Maharashtra
TXN459017,100067,INV4551,Lumpsum,30582.38,2023-11-26,Pending,Karnataka
TXN644702,100048,INV5653,Redemption,93169.26,2023-10-07,Pending,Karnataka
TXN986035,100055,INV3953,Redemption,8287.5,2023-10-02,Pending,Gujarat
TXN124726,100035,INV6076,SIP,22026.44,2023-07-04,Verified,Delhi
TXN804562,100043,INV8939,SIP,30800.21,2023-06-07,Rejected,Gujarat
TXN869038,100027,INV3063,SIP,434.45,2023-05-25,Unknown,Maharashtra
TXN735954,100065,INV7142,Redemption,92162.6,2023-08-23,Rejected,Gujarat
TXN795031,100044,INV8642,SIP,37420.46,2023-03-22,Unknown,Gujarat
TXN532434,100064,INV2924,Redemption,46263.41,2023-08-23,Rejected,Delhi
TXN512013,100029,INV1183,Lumpsum,12035.04,2023-03-15,Verified,Maharashtra
TXN230067,100077,INV3715,SIP,5279.67,2023-02-18,Unknown,Delhi
TXN429427,100079,INV9610,Lumpsum,26774.01,2023-11-07,Pending,Gujarat
TXN603397,100036,INV7359,Lumpsum,84341.7,2023-06-13,Rejected,Karnataka
TXN234575,100088,INV3229,SIP,35406.07,2023-04-03,Rejected,Tamil Nadu
TXN849400,100042,INV8030,Lumpsum,60151.68,2023-12-12,Rejected,Delhi
TXN551061,100067,INV5543,Redemption,67378.33,2023-05-20,Rejected,Maharashtra
TXN279461,100029,INV7484,Lumpsum,46107.41,2023-10-08,Pending,Maharashtra
TXN963842,100084,INV6199,SIP,26149.1,2023-10-14,Rejected,Tamil Nadu
TXN192705,100059,INV7454,SIP,58554.05,2023-05-18,Verified,Tamil Nadu
TXN860861,100079,INV5585,SIP,16632.44,2023-11-08,Pending,Delhi
TXN358698,100037,INV2834,Redemption,55718.53,2023-01-15,Rejected,Maharashtra
TXN783568,100052,INV5773,Lumpsum,26189.01,2023-08-08,Pending,Karnataka
TXN488324,100034,INV5161,SIP,47778.88,2023-04-19,Pending,Maharashtra
TXN987526,100066,INV4917,Redemption,72516.74,2023-09-04,Unknown,Gujarat
TXN964123,100034,INV7880,SIP,68147.2,2023-04-18,Pending,Karnataka
TXN865742,100064,INV2727,Lumpsum,98208.57,2023-10-07,Verified,Gujarat
TXN974915,100067,INV3872,Lumpsum,6111.87,2023-12-17,Pending,Gujarat
TXN371099,100033,INV8928,Redemption,6812.68,2023-06-16,Verified,Tamil Nadu
TXN959823,100065,INV1019,SIP,46565.21,2023-07-08,Unknown,Karnataka
TXN944106,100086,INV8295,Lumpsum,3271.45,2023-08-18,Verified,Gujarat
TXN536358,100062,INV2520,SIP,62980.64,2023-12-09,Unknown,Tamil Nadu
TXN731816,100054,INV3399,Lumpsum,38127.38,2023-04-01,Rejected,Karnataka
TXN263744,100081,INV9897,Lumpsum,24875.23,2023-04-16,Pending,Maharashtra
TXN115337,100079,INV9981,Redemption,97929.85,2023-10-09,Verified,Maharashtra
TXN624825,100032,INV7834,Lumpsum,75926.21,2023-12-14,Verified,Maharashtra
TXN350961,100043,INV3275,Lumpsum,4437.79,2023-08-07,Verified,Karnataka
TXN956481,100063,INV1495,Lumpsum,8690.25,2023-06-01,Verified,Delhi
TXN581248,100038,INV1292,Redemption,19468.81,2023-04-16,Unknown,Delhi
TXN261834,100084,INV8283,Redemption,64541.17,2023-06-25,Rejected,Maharashtra
TXN935827,100055,INV8528,Lumpsum,22523.99,2023-09-28,Verified,Karnataka
TXN785333,100088,INV8035,Redemption,71641.48,2023-07-10,Verified,Karnataka
TXN922487,100031,INV9987,Redemption,21464.39,2023-03-11,Rejected,Karnataka
TXN449098,100051,INV8928,Lumpsum,78174.93,2023-01-26,Rejected,Tamil Nadu
TXN949654,100027,INV5094,Redemption,56216.66,2023-03-21,Pending,Karnataka
TXN889226,100037,INV4644,SIP,79456.09,2023-06-30,Rejected,Gujarat
TXN416845,100079,INV3002,Redemption,55561.78,2023-09-09,Rejected,Gujarat
TXN679832,100044,INV9335,SIP,27621.14,2023-09-14,Unknown,Delhi
TXN665596,100054,INV1818,Lumpsum,74368.57,2023-05-24,Verified,Maharashtra
TXN823319,100031,INV6418,Lumpsum,24310.21,2023-07-01,Rejected,Tamil Nadu
TXN790921,100031,INV9615,SIP,26935.67,2023-03-22,Pending,Karnataka
TXN765968,100087,INV6910,Lumpsum,81858.11,2023-05-04,Pending,Delhi
TXN615325,100080,INV5080,Lumpsum,46053.33,2023-04-16,Verified,Maharashtra
TXN833982,100033,INV1927,SIP,76553.76,2023-03-02,Rejected,Karnataka
TXN109493,100037,INV1760,Lumpsum,26854.42,2023-05-10,Verified,Maharashtra
TXN285785,100032,INV9841,SIP,33873.22,2023-11-06,Rejected,Karnataka
TXN701933,100059,INV4506,Lumpsum,93407.48,2023-10-14,Rejected,Karnataka
TXN669881,100037,INV6129,Redemption,522.29,2023-10-02,Unknown,Gujarat
TXN512174,100085,INV5267,Lumpsum,12140.68,2023-05-10,Rejected,Maharashtra
TXN456153,100048,INV9057,SIP,72607.1,2023-07-01,Pending,Gujarat
TXN231264,100027,INV4857,SIP,33328.94,2023-07-07,Pending,Tamil Nadu
TXN428683,100066,INV6535,Lumpsum,81156.05,2023-06-10,Verified,Delhi
TXN970002,100077,INV7109,SIP,60061.46,2023-12-27,Verified,Delhi
TXN758337,100038,INV6477,SIP,86034.62,2023-06-06,Pending,Delhi
TXN781838,100055,INV3576,SIP,82520.38,2023-02-19,Unknown,Karnataka
TXN988576,100043,INV6518,Redemption,69574.22,2023-12-01,Verified,Karnataka
TXN464032,100064,INV6051,Lumpsum,43682.67,2023-10-20,Unknown,Delhi
TXN871318,100037,INV7858,Lumpsum,52333.16,2023-02-18,Unknown,Delhi
TXN119866,100032,INV2545,SIP,74299.47,2023-03-15,Verified,Delhi
TXN423687,100080,INV6015,SIP,10903.8,2023-10-03,Verified,Tamil Nadu
TXN924488,100032,INV5510,Redemption,78431.51,2023-08-05,Rejected,Gujarat
TXN611502,100033,INV9104,Redemption,31443.63,2023-07-07,Rejected,Maharashtra
