amfi_code,date,nav
100027,29-05-2008,10.7205
100027,28-05-2008,10.725
100027,27-05-2008,10.7216
100027,26-05-2008,10.7206
100027,23-05-2008,10.7152
100027,22-05-2008,10.7136
100027,21-05-2008,10.721
100027,20-05-2008,10.7202
100027,16-05-2008,10.7134
100027,15-05-2008,10.7113
100027,14-05-2008,10.7106
100027,13-05-2008,10.7107
100027,12-05-2008,10.7095
100027,09-05-2008,10.7032
100027,08-05-2008,10.7011
100027,07-05-2008,10.7012
100027,06-05-2008,10.7056
100027,05-05-2008,10.6999
100027,02-05-2008,10.6898
100027,30-04-2008,-10.5
100027,29-04-2008,10.6727
100027,28-04-2008,10.6402
100027,25-04-2008,10.6247
100027,24-04-2008,10.6186
100027,23-04-2008,10.6171
100027,22-04-2008,10.6164
100027,21-04-2008,10.6072
100027,17-04-2008,10.5995
100027,16-04-2008,10.6002
100027,15-04-2008,10.6029
100027,11-04-2008,10.5953
100027,10-04-2008,10.5951
100027,09-04-2008,10.5954
100027,08-04-2008,10.5932
100027,07-04-2008,10.5911
100027,04-04-2008,10.5827
100027,03-04-2008,10.5863
100027,02-04-2008,10.5836
100027,01-04-2008,10.5808
100027,31-03-2008,10.5788
100027,28-03-2008,10.5719
100027,27-03-2008,10.563
100027,26-03-2008,10.5589
100027,25-03-2008,10.5555
100027,24-03-2008,10.5534
100027,19-03-2008,11.0475
100027,18-03-2008,11.0437
100027,17-03-2008,11.0418
100027,14-03-2008,11.0369
100027,13-03-2008,11.035
100027,12-03-2008,11.034
100027,11-03-2008,11.0314
100027,10-03-2008,11.0314
100027,07-03-2008,11.0266
100027,05-03-2008,11.0241
100027,04-03-2008,11.0285
100027,03-03-2008,11.0294
100027,29-02-2008,11.0204
100027,28-02-2008,11.0128
100027,27-02-2008,11.0108
100027,26-02-2008,11.0101
100027,25-02-2008,11.0054
100027,22-02-2008,10.9994
100027,21-02-2008,11.0006
100027,20-02-2008,10.9948
100027,19-02-2008,11.0086
100027,18-02-2008,11.0121
100027,15-02-2008,11.0178
100027,14-02-2008,11.0256
100027,13-02-2008,11.0317
100027,12-02-2008,11.0341
100027,11-02-2008,11.0362
100027,08-02-2008,11.028
100027,07-02-2008,11.0279
100027,06-02-2008,11.0293
100027,05-02-2008,11.0259
100027,04-02-2008,11.0283
100027,01-02-2008,11.0239
100027,31-01-2008,11.0199
100027,30-01-2008,11.0177
100027,29-01-2008,11.0216
100027,28-01-2008,11.0517
100027,25-01-2008,11.0635
100027,24-01-2008,11.0823
100027,23-01-2008,11.0811
100027,22-01-2008,11.0376
100027,21-01-2008,11.012
100027,18-01-2008,11.0056
100027,17-01-2008,11.003
100027,16-01-2008,10.9923
100027,15-01-2008,11.0047
100027,14-01-2008,11.0178
100027,11-01-2008,10.9874
100027,10-01-2008,10.9532
100027,09-01-2008,10.9158
100027,08-01-2008,10.9111
100027,07-01-2008,10.9162
100027,04-01-2008,10.879
100027,03-01-2008,10.8614
100027,02-01-2008,10.8681
100027,01-01-2008,10.8516
100027,31-12-2007,10.8143
100027,28-12-2007,10.794
100027,27-12-2007,10.77
100027,26-12-2007,-10.5
100027,24-12-2007,10.7552
100027,20-12-2007,10.7469
100027,19-12-2007,10.7433
100027,18-12-2007,10.7402
100027,17-12-2007,10.7333
100027,14-12-2007,10.7266
100027,13-12-2007,10.7234
100027,12-12-2007,10.7241
100027,11-12-2007,10.7297
100027,10-12-2007,10.7314
100027,07-12-2007,10.7269
100027,06-12-2007,10.7237
100027,05-12-2007,10.7211
100027,04-12-2007,10.716
100027,03-12-2007,10.7116
100027,30-11-2007,10.6982
100027,29-11-2007,10.6809
100027,28-11-2007,10.6803
100027,27-11-2007,10.6823
100027,26-11-2007,10.6821
100027,23-11-2007,10.6739
100027,22-11-2007,10.6704
100027,21-11-2007,10.6675
100027,20-11-2007,10.6674
100027,19-11-2007,10.6628
100027,16-11-2007,10.657
100027,15-11-2007,10.651
100027,14-11-2007,10.6532
100027,13-11-2007,10.6497
100027,12-11-2007,10.6384
100027,08-11-2007,10.6293
100027,07-11-2007,10.634
100027,06-11-2007,10.6368
100027,05-11-2007,10.6378
100027,02-11-2007,10.6353
100027,01-11-2007,10.6317
100027,31-10-2007,10.6319
100027,30-10-2007,10.6396
100027,29-10-2007,10.652
100027,26-10-2007,10.6369
100027,25-10-2007,10.6373
100027,24-10-2007,10.6319
100027,23-10-2007,10.6066
100027,22-10-2007,10.5849
100027,19-10-2007,10.5614
100027,18-10-2007,10.5564
100027,17-10-2007,10.5471
100027,16-10-2007,10.5464
100027,15-10-2007,10.5449
100027,12-10-2007,10.54
100027,11-10-2007,10.5405
100027,10-10-2007,10.5333
100027,09-10-2007,10.524
100027,08-10-2007,10.5215
100027,05-10-2007,10.5135
100027,04-10-2007,10.5169
100027,03-10-2007,10.5164
100027,01-10-2007,10.4906
100027,28-09-2007,10.4855
100027,27-09-2007,10.668
100027,26-09-2007,10.6636
100027,25-09-2007,10.669
100027,24-09-2007,10.6719
100027,21-09-2007,10.6727
100027,20-09-2007,10.6644
100027,19-09-2007,10.6583
100027,18-09-2007,10.6485
100027,17-09-2007,10.6466
100027,14-09-2007,10.6429
100027,13-09-2007,10.6375
100027,12-09-2007,10.6385
100027,11-09-2007,10.6349
100027,10-09-2007,10.6423
100027,07-09-2007,-10.5
100027,06-09-2007,10.6181
100027,05-09-2007,10.6157
100027,04-09-2007,10.6153
100027,03-09-2007,10.6154
100027,31-08-2007,10.6056
100027,30-08-2007,10.5979
100027,29-08-2007,10.5989
100027,28-08-2007,10.6023
100027,27-08-2007,10.6098
100027,24-08-2007,10.606
100027,23-08-2007,10.6047
100027,22-08-2007,10.6046
100027,21-08-2007,10.5982
100027,17-08-2007,10.5965
100027,16-08-2007,10.6032
100027,14-08-2007,10.6051
100027,13-08-2007,10.6073
100027,10-08-2007,10.5983
100027,09-08-2007,10.6132
100027,08-08-2007,10.6477
100027,07-08-2007,10.679
100028,29-05-2008,10.6191
100028,28-05-2008,10.6235
100028,27-05-2008,10.6201
100028,26-05-2008,10.6192
100028,23-05-2008,10.6138
100028,22-05-2008,10.6122
100028,21-05-2008,10.6196
100028,20-05-2008,-10.5
100028,16-05-2008,10.6121
100028,15-05-2008,10.6099
100028,14-05-2008,10.6093
100028,13-05-2008,10.6094
100028,12-05-2008,10.6082
100028,09-05-2008,10.6019
100028,08-05-2008,10.5999
100028,07-05-2008,10.6
100028,06-05-2008,10.6043
100028,05-05-2008,10.5987
100028,02-05-2008,10.5887
100028,30-04-2008,10.5794
100028,29-04-2008,10.5717
100028,28-04-2008,10.5396
100028,25-04-2008,10.5242
100028,24-04-2008,10.5181
100028,23-04-2008,10.5166
100028,22-04-2008,10.516
100028,21-04-2008,10.5069
100028,17-04-2008,10.4993
100028,16-04-2008,-10.5
100028,15-04-2008,10.5026
100028,11-04-2008,10.495
100028,10-04-2008,10.4948
100028,09-04-2008,10.4952
100028,08-04-2008,10.493
100028,07-04-2008,10.4909
100028,04-04-2008,10.4826
100028,03-04-2008,10.4862
100028,02-04-2008,10.4835
100028,01-04-2008,10.4807
100028,31-03-2008,10.4787
100028,28-03-2008,10.4719
100028,27-03-2008,10.463
100028,26-03-2008,10.4591
100028,25-03-2008,10.4557
100028,24-03-2008,10.4536
100028,19-03-2008,10.6979
100028,18-03-2008,10.6942
100028,17-03-2008,10.6923
100028,14-03-2008,10.6876
100028,13-03-2008,10.6857
100028,12-03-2008,10.6848
100028,11-03-2008,10.6823
100028,10-03-2008,10.6822
100028,07-03-2008,10.6776
100028,05-03-2008,10.6752
100028,04-03-2008,10.6795
100028,03-03-2008,10.6803
100028,29-02-2008,10.6716
100028,28-02-2008,10.6642
100028,27-02-2008,10.6623
100028,26-02-2008,10.6616
100028,25-02-2008,10.657
100028,22-02-2008,10.6513
100028,21-02-2008,10.6525
100028,20-02-2008,10.6468
100028,19-02-2008,10.6602
100028,18-02-2008,10.6635
100028,15-02-2008,10.6691
100028,14-02-2008,10.6767
100028,13-02-2008,10.6825
100028,12-02-2008,10.6849
100028,11-02-2008,10.6869
100028,08-02-2008,10.6789
100028,07-02-2008,10.6789
100028,06-02-2008,10.6803
100028,05-02-2008,10.677
100028,04-02-2008,10.6793
100028,01-02-2008,10.675
100028,31-01-2008,10.6712
100028,30-01-2008,10.669
100028,29-01-2008,-10.5
100028,28-01-2008,10.7019
100028,25-01-2008,10.7134
100028,24-01-2008,10.7316
100028,23-01-2008,10.7304
100028,22-01-2008,10.6883
100028,21-01-2008,10.6635
100028,18-01-2008,10.6573
100028,17-01-2008,10.6548
100028,16-01-2008,10.6444
100028,15-01-2008,10.6564
100028,14-01-2008,10.6691
100028,11-01-2008,10.6397
100028,10-01-2008,10.6065
100028,09-01-2008,10.5703
100028,08-01-2008,10.5658
100028,07-01-2008,10.5708
100028,04-01-2008,10.5348
100028,03-01-2008,10.5177
100028,02-01-2008,10.5242
100028,01-01-2008,10.5082
100028,31-12-2007,10.4721
100028,28-12-2007,10.7019
100028,27-12-2007,10.6781
100028,26-12-2007,10.6723
100028,24-12-2007,10.6635
100028,20-12-2007,10.6553
100028,19-12-2007,10.6517
100028,18-12-2007,10.6486
100028,17-12-2007,10.6418
100028,14-12-2007,10.6351
100028,13-12-2007,10.632
100028,12-12-2007,10.6326
100028,11-12-2007,10.6382
100028,10-12-2007,10.6398
100028,07-12-2007,10.6354
100028,06-12-2007,10.6322
100028,05-12-2007,10.6297
100028,04-12-2007,10.6246
100028,03-12-2007,10.6202
100028,30-11-2007,10.607
100028,29-11-2007,10.5898
100028,28-11-2007,10.5892
100028,27-11-2007,10.5912
100028,26-11-2007,10.591
100028,23-11-2007,10.5829
100028,22-11-2007,10.5794
100028,21-11-2007,10.5766
100028,20-11-2007,10.5765
100028,19-11-2007,10.5719
100028,16-11-2007,10.5661
100028,15-11-2007,10.5602
100028,14-11-2007,10.5623
100028,13-11-2007,10.5589
100028,12-11-2007,10.5477
100028,08-11-2007,10.5387
100028,07-11-2007,10.5433
100028,06-11-2007,10.546
100028,05-11-2007,10.5471
100028,02-11-2007,10.5446
100028,01-11-2007,10.5411
100028,31-10-2007,10.5412
100028,30-10-2007,10.5489
100028,29-10-2007,10.5611
100028,26-10-2007,10.5461
100028,25-10-2007,10.5466
100028,24-10-2007,10.5412
100028,23-10-2007,10.5162
100028,22-10-2007,10.4947
100028,19-10-2007,10.4713
100028,18-10-2007,10.4664
100028,17-10-2007,10.4572
100028,16-10-2007,10.4564
100028,15-10-2007,10.455
100028,12-10-2007,10.4502
100028,11-10-2007,10.4506
100028,10-10-2007,10.4435
100028,09-10-2007,10.4343
100028,08-10-2007,10.4318
100028,05-10-2007,10.4238
100028,04-10-2007,10.4272
100028,03-10-2007,10.4267
100028,01-10-2007,10.4011
100028,28-09-2007,10.3961
100028,27-09-2007,10.5788
100028,26-09-2007,10.5744
100028,25-09-2007,-10.5
100028,24-09-2007,10.5826
100028,21-09-2007,10.5834
100028,20-09-2007,10.5752
100028,19-09-2007,10.5691
100028,18-09-2007,10.5594
100028,17-09-2007,10.5575
100028,14-09-2007,10.5539
100028,13-09-2007,10.5485
100028,12-09-2007,10.5494
100028,11-09-2007,10.5459
100028,10-09-2007,10.5532
100028,07-09-2007,10.5335
100028,06-09-2007,10.5292
100028,05-09-2007,10.5268
100028,04-09-2007,10.5264
100028,03-09-2007,10.5265
100028,31-08-2007,10.5169
100028,30-08-2007,10.5092
100028,29-08-2007,10.5102
100028,28-08-2007,10.5136
100028,27-08-2007,10.521
100028,24-08-2007,10.5172
100028,23-08-2007,10.5159
100028,22-08-2007,10.5158
100028,21-08-2007,10.5095
100028,17-08-2007,10.5078
100028,16-08-2007,10.5145
100028,14-08-2007,10.5163
100028,13-08-2007,10.5185
100028,10-08-2007,10.5096
100028,09-08-2007,10.5243
100028,08-08-2007,10.5586
100028,07-08-2007,10.5896
100029,29-05-2008,18.9736
100029,28-05-2008,18.9816
100029,27-05-2008,18.9755
100029,26-05-2008,18.9738
100029,23-05-2008,18.9643
100029,22-05-2008,18.9613
100029,21-05-2008,18.9746
100029,20-05-2008,18.9732
100029,16-05-2008,18.9611
100029,15-05-2008,18.9572
100029,14-05-2008,18.9561
100029,13-05-2008,18.9563
100029,12-05-2008,18.9541
100029,09-05-2008,18.943
100029,08-05-2008,18.9393
100029,07-05-2008,18.9394
100029,06-05-2008,18.9472
100029,05-05-2008,18.9372
100029,02-05-2008,18.9193
100029,30-04-2008,18.9026
100029,29-04-2008,18.889
100029,28-04-2008,18.8316
100029,25-04-2008,18.8041
100029,24-04-2008,18.7932
100029,23-04-2008,18.7905
100029,22-04-2008,18.7894
100029,21-04-2008,18.7731
100029,17-04-2008,18.7595
100029,16-04-2008,18.7608
100029,15-04-2008,18.7655
100029,11-04-2008,18.752
100029,10-04-2008,18.7516
100029,09-04-2008,18.7522
100029,08-04-2008,18.7484
100029,07-04-2008,18.7446
100029,04-04-2008,18.7298
100029,03-04-2008,18.7362
100029,02-04-2008,18.7313
100029,01-04-2008,18.7265
100029,31-03-2008,18.7228
100029,28-03-2008,18.7107
100029,27-03-2008,18.6948
100029,26-03-2008,18.6877
100029,25-03-2008,18.6817
100029,24-03-2008,18.6779
100029,19-03-2008,18.668
100029,18-03-2008,18.6615
100029,17-03-2008,18.6582
100029,14-03-2008,18.65
100029,13-03-2008,18.6468
100029,12-03-2008,18.6452
100029,11-03-2008,18.6407
100029,10-03-2008,-10.5
100029,07-03-2008,18.6326
100029,05-03-2008,18.6284
100029,04-03-2008,18.6359
100029,03-03-2008,-10.5
100029,29-02-2008,18.6222
100029,28-02-2008,18.6093
100029,27-02-2008,18.6059
100029,26-02-2008,18.6047
100029,25-02-2008,18.5967
100029,22-02-2008,18.5866
100029,21-02-2008,18.5887
100029,20-02-2008,18.5788
100029,19-02-2008,18.6022
100029,18-02-2008,18.6081
100029,15-02-2008,18.6177
100029,14-02-2008,18.6309
100029,13-02-2008,18.6412
100029,12-02-2008,18.6453
100029,11-02-2008,18.6488
100029,08-02-2008,18.6349
100029,07-02-2008,18.6348
100029,06-02-2008,18.6372
100029,05-02-2008,18.6315
100029,04-02-2008,18.6355
100029,01-02-2008,18.628
100029,31-01-2008,18.6213
100029,30-01-2008,18.6175
100029,29-01-2008,18.6242
100029,28-01-2008,18.675
100029,25-01-2008,18.695
100029,24-01-2008,18.7267
100029,23-01-2008,18.7246
100029,22-01-2008,18.6511
100029,21-01-2008,18.6079
100029,18-01-2008,18.5972
100029,17-01-2008,18.5928
100029,16-01-2008,18.5747
100029,15-01-2008,18.5955
100029,14-01-2008,18.6177
100029,11-01-2008,18.5664
100029,10-01-2008,18.5086
100029,09-01-2008,18.4454
100029,08-01-2008,18.4375
100029,07-01-2008,18.4462
100029,04-01-2008,18.3833
100029,03-01-2008,18.3535
100029,02-01-2008,18.3648
100029,01-01-2008,18.3369
100029,31-12-2007,18.2739
100029,28-12-2007,18.2396
100029,27-12-2007,18.199
100029,26-12-2007,18.1892
100029,24-12-2007,18.1741
100029,20-12-2007,18.1601
100029,19-12-2007,18.154
100029,18-12-2007,18.1487
100029,17-12-2007,18.1371
100029,14-12-2007,18.1256
100029,13-12-2007,18.1204
100029,12-12-2007,18.1214
100029,11-12-2007,18.1309
100029,10-12-2007,18.1338
100029,07-12-2007,18.1262
100029,06-12-2007,18.1208
100029,05-12-2007,18.1165
100029,04-12-2007,18.1078
100029,03-12-2007,18.1004
100029,30-11-2007,18.0778
100029,29-11-2007,18.0485
100029,28-11-2007,18.0474
100029,27-11-2007,18.0509
100029,26-11-2007,18.0505
100029,23-11-2007,18.0367
100029,22-11-2007,18.0308
100029,21-11-2007,18.0259
100029,20-11-2007,18.0258
100029,19-11-2007,18.0179
100029,16-11-2007,18.0081
100029,15-11-2007,17.998
100029,14-11-2007,18.0017
100029,13-11-2007,17.9958
100029,12-11-2007,17.9768
100029,08-11-2007,17.9614
100029,07-11-2007,17.9693
100029,06-11-2007,17.9739
100029,05-11-2007,17.9757
100029,02-11-2007,17.9715
100029,01-11-2007,17.9654
100029,31-10-2007,17.9657
100029,30-10-2007,17.9788
100029,29-10-2007,17.9997
100029,26-10-2007,17.9741
100029,25-10-2007,17.9749
100029,24-10-2007,17.9657
100029,23-10-2007,17.923
100029,22-10-2007,17.8864
100029,19-10-2007,17.8465
100029,18-10-2007,17.8382
100029,17-10-2007,17.8224
100029,16-10-2007,17.8212
100029,15-10-2007,17.8187
100029,12-10-2007,17.8105
100029,11-10-2007,17.8113
100029,10-10-2007,17.7992
100029,09-10-2007,17.7835
100029,08-10-2007,17.7792
100029,05-10-2007,17.7657
100029,04-10-2007,17.7713
100029,03-10-2007,17.7706
100029,01-10-2007,17.7269
100029,28-09-2007,17.7184
100029,27-09-2007,17.6894
100029,26-09-2007,17.682
100029,25-09-2007,17.6909
100029,24-09-2007,17.6958
100029,21-09-2007,17.6971
100029,20-09-2007,17.6834
100029,19-09-2007,17.6733
100029,18-09-2007,17.657
100029,17-09-2007,17.6538
100029,14-09-2007,17.6478
100029,13-09-2007,17.6388
100029,12-09-2007,17.6404
100029,11-09-2007,17.6344
100029,10-09-2007,17.6467
100029,07-09-2007,17.6136
100029,06-09-2007,17.6065
100029,05-09-2007,17.6025
100029,04-09-2007,17.6019
100029,03-09-2007,17.602
100029,31-08-2007,17.5859
100029,30-08-2007,17.573
100029,29-08-2007,17.5747
100029,28-08-2007,17.5804
100029,27-08-2007,17.5928
100029,24-08-2007,17.5864
100029,23-08-2007,17.5843
100029,22-08-2007,17.5842
100029,21-08-2007,17.5736
100029,17-08-2007,17.5708
100029,16-08-2007,17.5819
100029,14-08-2007,17.5849
100029,13-08-2007,17.5886
100029,10-08-2007,17.5738
100029,09-08-2007,17.5984
100029,08-08-2007,17.6556
100029,07-08-2007,17.7075
100030,29-05-2008,10.7115
100030,28-05-2008,10.716
100030,27-05-2008,10.7125
100030,26-05-2008,10.7116
100030,23-05-2008,10.7062
100030,22-05-2008,10.7045
100030,21-05-2008,10.712
100030,20-05-2008,10.7112
100030,16-05-2008,10.7044
100030,15-05-2008,10.7022
100030,14-05-2008,10.7016
100030,13-05-2008,10.7017
100030,12-05-2008,10.7004
100030,09-05-2008,10.6942
100030,08-05-2008,10.6921
100030,07-05-2008,10.6922
100030,06-05-2008,10.6965
100030,05-05-2008,10.6909
100030,02-05-2008,10.6808
100030,30-04-2008,10.6714
100030,29-04-2008,10.6637
100030,28-04-2008,10.6313
100030,25-04-2008,10.6158
100030,24-04-2008,10.6096
100030,23-04-2008,10.6081
100030,22-04-2008,10.6075
100030,21-04-2008,10.5983
100030,17-04-2008,10.5906
100030,16-04-2008,10.5913
100030,15-04-2008,10.594
100030,11-04-2008,10.5863
100030,10-04-2008,10.5861
100030,09-04-2008,10.5865
100030,08-04-2008,10.5843
100030,07-04-2008,10.5822
100030,04-04-2008,10.5738
100030,03-04-2008,10.5774
100030,02-04-2008,10.5747
100030,01-04-2008,10.5719
100030,31-03-2008,10.5699
100030,28-03-2008,10.563
100030,27-03-2008,10.5541
100030,26-03-2008,10.5501
100030,25-03-2008,10.5466
100030,24-03-2008,10.5445
100030,19-03-2008,11.2885
100030,18-03-2008,11.2846
100030,17-03-2008,11.2826
100030,14-03-2008,11.2777
100030,13-03-2008,11.2757
100030,12-03-2008,11.2747
100030,11-03-2008,11.2721
100030,10-03-2008,11.272
100030,07-03-2008,11.2671
100030,05-03-2008,11.2646
100030,04-03-2008,11.2691
100030,03-03-2008,11.2699
100030,29-02-2008,11.2608
100030,28-02-2008,11.253
100030,27-02-2008,11.251
100030,26-02-2008,11.2502
100030,25-02-2008,11.2454
100030,22-02-2008,11.2393
100030,21-02-2008,11.2406
100030,20-02-2008,11.2346
100030,19-02-2008,11.2488
100030,18-02-2008,11.2523
100030,15-02-2008,11.2581
100030,14-02-2008,11.2661
100030,13-02-2008,11.2723
100030,12-02-2008,11.2748
100030,11-02-2008,11.2769
100030,08-02-2008,11.2685
100030,07-02-2008,11.2684
100030,06-02-2008,11.2699
100030,05-02-2008,11.2665
100030,04-02-2008,11.2689
100030,01-02-2008,11.2644
100030,31-01-2008,11.2603
100030,30-01-2008,11.258
100030,29-01-2008,11.2621
100030,28-01-2008,11.2927
100030,25-01-2008,11.3049
100030,24-01-2008,11.324
100030,23-01-2008,11.3228
100030,22-01-2008,11.2783
100030,21-01-2008,11.2522
100030,18-01-2008,11.2457
100030,17-01-2008,11.2431
100030,16-01-2008,11.2321
100030,15-01-2008,11.2447
100030,14-01-2008,11.2581
100030,11-01-2008,11.2271
100030,10-01-2008,11.1921
100030,09-01-2008,11.1539
100030,08-01-2008,11.1491
100030,07-01-2008,11.1544
100030,04-01-2008,11.1163
100030,03-01-2008,11.0983
100030,02-01-2008,11.1052
100030,01-01-2008,11.0883
100030,31-12-2007,11.0502
100030,28-12-2007,11.0295
100030,27-12-2007,11.0049
100030,26-12-2007,10.9989
100030,24-12-2007,10.9898
100030,20-12-2007,10.9813
100030,19-12-2007,10.9777
100030,18-12-2007,10.9745
100030,17-12-2007,10.9675
100030,14-12-2007,10.9605
100030,13-12-2007,10.9573
100030,12-12-2007,10.958
100030,11-12-2007,10.9637
100030,10-12-2007,10.9655
100030,07-12-2007,10.9608
100030,06-12-2007,10.9576
100030,05-12-2007,10.955
100030,04-12-2007,10.9498
100030,03-12-2007,10.9452
100030,30-11-2007,10.9316
100030,29-11-2007,10.9139
100030,28-11-2007,10.9132
100030,27-11-2007,10.9153
100030,26-11-2007,10.9151
100030,23-11-2007,10.9068
100030,22-11-2007,10.9032
100030,21-11-2007,10.9002
100030,20-11-2007,10.9001
100030,19-11-2007,10.8954
100030,16-11-2007,10.8894
100030,15-11-2007,10.8834
100030,14-11-2007,10.8856
100030,13-11-2007,10.882
100030,12-11-2007,10.8705
100030,08-11-2007,10.8612
100030,07-11-2007,10.866
100030,06-11-2007,10.8688
100030,05-11-2007,10.8699
100030,02-11-2007,10.8673
100030,01-11-2007,10.8637
100030,31-10-2007,10.8638
100030,30-10-2007,10.8717
100030,29-10-2007,10.8844
100030,26-10-2007,10.8689
100030,25-10-2007,10.8694
100030,24-10-2007,10.8638
100030,23-10-2007,10.838
100030,22-10-2007,10.8158
100030,19-10-2007,10.7917
100030,18-10-2007,10.7867
100030,17-10-2007,10.7772
100030,16-10-2007,10.7764
100030,15-10-2007,10.7749
100030,12-10-2007,10.77
100030,11-10-2007,10.7704
100030,10-10-2007,10.7631
100030,09-10-2007,10.7536
100030,08-10-2007,10.751
100030,05-10-2007,10.7428
100030,04-10-2007,10.7463
100030,03-10-2007,10.7458
100030,01-10-2007,10.7194
100030,28-09-2007,10.7142
100030,27-09-2007,10.6967
100030,26-09-2007,10.6923
100030,25-09-2007,10.6976
100030,24-09-2007,10.7006
100030,21-09-2007,10.7014
100030,20-09-2007,10.6931
100030,19-09-2007,10.687
100030,18-09-2007,10.6771
100030,17-09-2007,10.6752
100030,14-09-2007,10.6715
100030,13-09-2007,10.6661
100030,12-09-2007,10.6671
100030,11-09-2007,10.6635
100030,10-09-2007,10.6709
100030,07-09-2007,10.6509
100030,06-09-2007,10.6466
100030,05-09-2007,10.6442
100030,04-09-2007,10.6438
100030,03-09-2007,10.6439
100030,31-08-2007,10.6341
100030,30-08-2007,10.6263
100030,29-08-2007,10.6274
100030,28-08-2007,10.6308
100030,27-08-2007,10.6383
100030,24-08-2007,-10.5
100030,23-08-2007,10.6332
100030,22-08-2007,10.6331
100030,21-08-2007,10.6267
100030,17-08-2007,10.625
100030,16-08-2007,10.6317
100030,14-08-2007,10.6335
100030,13-08-2007,10.6358
100030,10-08-2007,10.6268
100030,09-08-2007,10.6417
100030,08-08-2007,10.6763
100030,07-08-2007,10.7077
100031,29-05-2008,10.1053
100031,28-05-2008,10.1037
100031,27-05-2008,10.0974
100031,26-05-2008,10.0948
100031,23-05-2008,10.0879
100031,22-05-2008,10.0856
100031,21-05-2008,10.0973
100031,20-05-2008,-10.5
100031,16-05-2008,10.0905
100031,15-05-2008,10.0886
100031,14-05-2008,10.0888
100031,13-05-2008,10.0904
100031,12-05-2008,10.09
100031,09-05-2008,10.0832
100031,08-05-2008,10.0812
100031,07-05-2008,10.0818
100031,06-05-2008,10.087
100031,05-05-2008,10.082
100031,02-05-2008,10.0713
100031,30-04-2008,10.06
100031,29-04-2008,10.1294
100031,28-04-2008,10.1079
100031,25-04-2008,10.1041
100031,24-04-2008,10.1016
100031,23-04-2008,10.0982
100031,22-04-2008,10.097
100031,21-04-2008,10.0889
100031,17-04-2008,-10.5
100031,16-04-2008,10.0907
100031,15-04-2008,10.0916
100031,11-04-2008,10.0848
100031,10-04-2008,10.0842
100031,09-04-2008,10.0841
100031,08-04-2008,10.082
100031,07-04-2008,10.0792
100031,04-04-2008,10.0714
100031,03-04-2008,10.0709
100031,02-04-2008,10.0669
100031,01-04-2008,10.0622
100031,31-03-2008,10.06
100031,28-03-2008,10.1218
100031,27-03-2008,10.1177
100031,26-03-2008,10.1054
100031,25-03-2008,10.0998
100031,24-03-2008,10.0974
100031,19-03-2008,10.0885
100031,18-03-2008,10.0814
100031,17-03-2008,10.0792
100031,14-03-2008,10.0739
100031,13-03-2008,10.0706
100031,12-03-2008,10.0708
100031,11-03-2008,10.0693
100031,10-03-2008,10.0697
100031,07-03-2008,10.0643
100031,05-03-2008,10.0692
100031,04-03-2008,10.068
100031,03-03-2008,10.067
100031,29-02-2008,10.06
100031,28-02-2008,10.0671
100031,27-02-2008,10.064
100031,26-02-2008,10.0634
100031,25-02-2008,10.0583
100031,22-02-2008,10.0568
100031,21-02-2008,10.0549
100031,20-02-2008,10.0509
100031,19-02-2008,10.0621
100031,18-02-2008,10.0662
100031,15-02-2008,10.0707
100031,14-02-2008,10.0695
100031,13-02-2008,10.0767
100031,12-02-2008,10.0803
100031,11-02-2008,10.0788
100031,08-02-2008,10.0751
100031,07-02-2008,10.0737
100031,06-02-2008,10.0742
100031,05-02-2008,10.0715
100031,04-02-2008,10.0692
100031,01-02-2008,10.0635
100031,31-01-2008,10.06
100031,30-01-2008,10.1542
100031,29-01-2008,10.1542
100031,28-01-2008,10.1584
100031,25-01-2008,10.1542
100031,24-01-2008,10.1602
100031,23-01-2008,10.1603
100031,22-01-2008,10.1482
100031,21-01-2008,-10.5
100031,18-01-2008,10.1404
100031,17-01-2008,10.1403
100031,16-01-2008,10.1385
100031,15-01-2008,10.1396
100031,14-01-2008,10.1376
100031,11-01-2008,10.1298
100031,10-01-2008,10.1267
100031,09-01-2008,10.1159
100031,08-01-2008,10.1157
100031,07-01-2008,10.1183
100031,04-01-2008,10.103
100031,03-01-2008,10.1009
100031,02-01-2008,10.099
100031,01-01-2008,10.0882
100031,31-12-2007,10.06
100031,28-12-2007,10.1257
100031,27-12-2007,10.1128
100031,26-12-2007,10.1107
100031,24-12-2007,10.1014
100031,20-12-2007,10.094
100031,19-12-2007,10.0903
100031,18-12-2007,10.0881
100031,17-12-2007,10.0795
100031,14-12-2007,10.0729
100031,13-12-2007,10.0736
100031,12-12-2007,10.0828
100031,11-12-2007,10.0823
100031,10-12-2007,10.0836
100031,07-12-2007,10.0771
100031,06-12-2007,10.0749
100031,05-12-2007,10.0686
100031,04-12-2007,10.0695
100031,03-12-2007,10.0665
100031,30-11-2007,10.06
100031,29-11-2007,10.0922
100031,28-11-2007,10.0936
100031,27-11-2007,10.0878
100031,26-11-2007,10.0856
100031,23-11-2007,-10.5
100031,22-11-2007,10.0724
100031,21-11-2007,10.07
100031,20-11-2007,10.0685
100031,19-11-2007,10.0856
100031,16-11-2007,10.0807
100031,15-11-2007,10.0783
100031,14-11-2007,10.0811
100031,13-11-2007,10.0792
100031,12-11-2007,10.0762
100031,08-11-2007,10.0696
100031,07-11-2007,10.0645
100031,06-11-2007,10.0689
100031,05-11-2007,10.0679
100031,02-11-2007,10.0629
100031,01-11-2007,10.0614
100031,31-10-2007,10.06
100031,30-10-2007,10.1538
100031,29-10-2007,10.1551
100031,26-10-2007,10.15
100031,25-10-2007,10.1487
100031,24-10-2007,10.1456
100031,23-10-2007,10.138
100031,22-10-2007,10.1307
100031,19-10-2007,10.1227
100031,18-10-2007,10.1191
100031,17-10-2007,10.1153
100031,16-10-2007,10.1134
100031,15-10-2007,10.1118
100031,12-10-2007,10.103
100031,11-10-2007,10.1013
100031,10-10-2007,10.0953
100031,09-10-2007,10.0915
100031,08-10-2007,10.089
100031,05-10-2007,10.0829
100031,04-10-2007,10.0798
100031,03-10-2007,10.0779
100031,01-10-2007,10.0655
100031,28-09-2007,10.06
100031,27-09-2007,10.0973
100031,26-09-2007,10.0956
100031,25-09-2007,10.0957
100031,24-09-2007,10.0963
100031,21-09-2007,10.0934
100031,20-09-2007,10.0926
100031,19-09-2007,10.0878
100031,18-09-2007,10.0816
100031,17-09-2007,10.0891
100031,14-09-2007,10.0844
100031,13-09-2007,10.0821
100031,12-09-2007,10.0802
100031,11-09-2007,10.0786
100031,10-09-2007,10.0785
100031,07-09-2007,10.0694
100031,06-09-2007,10.0676
100031,05-09-2007,10.0657
100031,04-09-2007,10.0639
100031,03-09-2007,10.062
100031,31-08-2007,10.0565
100031,30-08-2007,10.0547
100031,29-08-2007,10.0529
100031,28-08-2007,10.0518
100031,27-08-2007,10.0515
100031,24-08-2007,10.0461
100031,23-08-2007,10.0443
100031,22-08-2007,10.0425
100031,21-08-2007,10.0407
100031,17-08-2007,10.0343
100031,16-08-2007,10.0384
100031,14-08-2007,10.0366
100031,13-08-2007,10.0393
100031,10-08-2007,10.0351
100031,09-08-2007,10.0402
100031,08-08-2007,10.0517
100031,07-08-2007,10.0605
100032,29-05-2008,16.4299
100032,28-05-2008,16.4273
100032,27-05-2008,16.4171
100032,26-05-2008,16.4128
100032,23-05-2008,16.4016
100032,22-05-2008,16.3979
100032,21-05-2008,16.4168
100032,20-05-2008,16.4169
100032,16-05-2008,16.4058
100032,15-05-2008,16.4027
100032,14-05-2008,16.4031
100032,13-05-2008,16.4056
100032,12-05-2008,16.405
100032,09-05-2008,16.3939
100032,08-05-2008,16.3906
100032,07-05-2008,16.3916
100032,06-05-2008,16.4002
100032,05-05-2008,16.3914
100032,02-05-2008,16.3739
100032,30-04-2008,16.3557
100032,29-04-2008,16.3388
100032,28-04-2008,-10.5
100032,25-04-2008,16.298
100032,24-04-2008,16.294
100032,23-04-2008,16.2885
100032,22-04-2008,16.2866
100032,21-04-2008,16.2735
100032,17-04-2008,16.2741
100032,16-04-2008,16.2765
100032,15-04-2008,16.2779
100032,11-04-2008,16.267
100032,10-04-2008,16.2659
100032,09-04-2008,16.2658
100032,08-04-2008,16.2623
100032,07-04-2008,16.2579
100032,04-04-2008,16.2452
100032,03-04-2008,16.2444
100032,02-04-2008,16.238
100032,01-04-2008,16.2305
100032,31-03-2008,16.2269
100032,28-03-2008,16.2098
100032,27-03-2008,16.2032
100032,26-03-2008,16.1835
100032,25-03-2008,16.1745
100032,24-03-2008,16.1708
100032,19-03-2008,16.1565
100032,18-03-2008,16.1451
100032,17-03-2008,-10.5
100032,14-03-2008,16.133
100032,13-03-2008,16.1277
100032,12-03-2008,16.1282
100032,11-03-2008,16.1256
100032,10-03-2008,16.1263
100032,07-03-2008,16.1177
100032,05-03-2008,16.1255
100032,04-03-2008,16.1236
100032,03-03-2008,16.122
100032,29-02-2008,16.1108
100032,28-02-2008,16.0996
100032,27-02-2008,16.0946
100032,26-02-2008,-10.5
100032,25-02-2008,16.0854
100032,22-02-2008,16.0831
100032,21-02-2008,16.08
100032,20-02-2008,16.0737
100032,19-02-2008,16.0915
100032,18-02-2008,16.0981
100032,15-02-2008,16.1053
100032,14-02-2008,16.1034
100032,13-02-2008,16.1149
100032,12-02-2008,16.1206
100032,11-02-2008,16.1182
100032,08-02-2008,16.1124
100032,07-02-2008,16.1102
100032,06-02-2008,16.1109
100032,05-02-2008,16.1066
100032,04-02-2008,16.1029
100032,01-02-2008,16.0937
100032,31-01-2008,16.0883
100032,30-01-2008,16.0847
100032,29-01-2008,16.0848
100032,28-01-2008,16.0913
100032,25-01-2008,16.0848
100032,24-01-2008,16.0943
100032,23-01-2008,16.0944
100032,22-01-2008,16.0752
100032,21-01-2008,16.0704
100032,18-01-2008,16.0629
100032,17-01-2008,16.0627
100032,16-01-2008,16.0599
100032,15-01-2008,16.0617
100032,14-01-2008,16.0584
100032,11-01-2008,16.0461
100032,10-01-2008,16.0412
100032,09-01-2008,16.0241
100032,08-01-2008,16.0238
100032,07-01-2008,16.0278
100032,04-01-2008,16.0036
100032,03-01-2008,16.0003
100032,02-01-2008,15.9973
100032,01-01-2008,15.9802
100032,31-12-2007,15.9355
100032,28-12-2007,15.9131
100032,27-12-2007,15.8928
100032,26-12-2007,15.8894
100032,24-12-2007,15.8748
100032,20-12-2007,15.8632
100032,19-12-2007,15.8575
100032,18-12-2007,15.854
100032,17-12-2007,15.8404
100032,14-12-2007,15.83
100032,13-12-2007,15.8312
100032,12-12-2007,15.8457
100032,11-12-2007,15.8448
100032,10-12-2007,15.8468
100032,07-12-2007,15.8366
100032,06-12-2007,15.8332
100032,05-12-2007,15.8233
100032,04-12-2007,15.8247
100032,03-12-2007,15.82
100032,30-11-2007,15.8098
100032,29-11-2007,15.796
100032,28-11-2007,15.7982
100032,27-11-2007,15.7892
100032,26-11-2007,15.7858
100032,23-11-2007,15.7763
100032,22-11-2007,15.7651
100032,21-11-2007,15.7613
100032,20-11-2007,15.7589
100032,19-11-2007,15.7857
100032,16-11-2007,15.7781
100032,15-11-2007,15.7743
100032,14-11-2007,15.7786
100032,13-11-2007,15.7757
100032,12-11-2007,15.771
100032,08-11-2007,15.7606
100032,07-11-2007,15.7527
100032,06-11-2007,15.7596
100032,05-11-2007,15.758
100032,02-11-2007,15.7502
100032,01-11-2007,15.7478
100032,31-10-2007,15.7457
100032,30-10-2007,15.7462
100032,29-10-2007,15.7482
100032,26-10-2007,15.7403
100032,25-10-2007,15.7382
100032,24-10-2007,15.7335
100032,23-10-2007,15.7217
100032,22-10-2007,15.7104
100032,19-10-2007,15.6979
100032,18-10-2007,15.6923
100032,17-10-2007,15.6864
100032,16-10-2007,15.6835
100032,15-10-2007,15.681
100032,12-10-2007,15.6674
100032,11-10-2007,15.6647
100032,10-10-2007,15.6554
100032,09-10-2007,15.6496
100032,08-10-2007,15.6456
100032,05-10-2007,15.6363
100032,04-10-2007,15.6314
100032,03-10-2007,15.6284
100032,01-10-2007,15.6092
100032,28-09-2007,15.6007
100032,27-09-2007,15.5917
100032,26-09-2007,15.5891
100032,25-09-2007,15.5892
100032,24-09-2007,15.5902
100032,21-09-2007,15.5857
100032,20-09-2007,15.5845
100032,19-09-2007,15.577
100032,18-09-2007,15.5675
100032,17-09-2007,15.5791
100032,14-09-2007,15.5718
100032,13-09-2007,15.5682
100032,12-09-2007,15.5653
100032,11-09-2007,15.5628
100032,10-09-2007,15.5627
100032,07-09-2007,15.5487
100032,06-09-2007,15.5458
100032,05-09-2007,15.5429
100032,04-09-2007,15.5401
100032,03-09-2007,15.5372
100032,31-08-2007,15.5288
100032,30-08-2007,15.5259
100032,29-08-2007,15.5231
100032,28-08-2007,15.5214
100032,27-08-2007,15.5209
100032,24-08-2007,15.5126
100032,23-08-2007,15.5098
100032,22-08-2007,15.507
100032,21-08-2007,-10.5
100032,17-08-2007,15.4945
100032,16-08-2007,15.5007
100032,14-08-2007,15.4979
100032,13-08-2007,15.5022
100032,10-08-2007,15.4957
100032,09-08-2007,15.5035
100032,08-08-2007,15.5213
100032,07-08-2007,15.5349
100033,31-07-2026,946.82
100033,30-07-2026,943.25
100033,29-07-2026,943.74
100033,28-07-2026,936.75
100033,27-07-2026,937.99
100033,24-07-2026,925.23
100033,23-07-2026,926.46
100033,22-07-2026,932.75
100033,21-07-2026,-10.5
100033,20-07-2026,936.82
100033,17-07-2026,933.11
100033,16-07-2026,934.33
100033,15-07-2026,934.43
100033,14-07-2026,-10.5
100033,13-07-2026,937.45
100033,10-07-2026,937.57
100033,09-07-2026,925.87
100033,08-07-2026,917.41
100033,07-07-2026,934.81
100033,06-07-2026,939.56
100033,03-07-2026,935.88
100033,02-07-2026,934.83
100033,01-07-2026,927.34
100033,30-06-2026,925.33
100033,29-06-2026,922.67
100033,25-06-2026,927.71
100033,24-06-2026,931.6
100033,23-06-2026,925.14
100033,22-06-2026,934.37
100033,19-06-2026,930.79
100033,18-06-2026,929.73
100033,17-06-2026,923.5
100033,16-06-2026,915.07
100033,15-06-2026,913.9
100033,12-06-2026,896.58
100033,11-06-2026,879.96
100033,10-06-2026,885.85
100033,09-06-2026,892.28
100033,08-06-2026,882.11
100033,05-06-2026,894.89
100033,04-06-2026,894.6
100033,03-06-2026,892.25
100033,02-06-2026,894.44
100033,01-06-2026,891.86
100033,29-05-2026,901.81
100033,27-05-2026,912.85
100033,26-05-2026,910.17
100033,25-05-2026,911.02
100033,22-05-2026,901.55
100033,21-05-2026,897.23
100033,20-05-2026,893.51
100033,19-05-2026,892.02
100033,18-05-2026,888.18
100033,15-05-2026,892.69
100033,14-05-2026,898.06
100033,13-05-2026,890.69
100033,12-05-2026,888.93
100033,11-05-2026,909.33
100033,08-05-2026,921.81
100033,07-05-2026,925.21
100033,06-05-2026,919.35
100033,05-05-2026,902.39
100033,04-05-2026,904.89
100033,30-04-2026,897.81
100033,29-04-2026,907.92
100033,28-04-2026,908.49
100033,27-04-2026,913.39
100033,24-04-2026,904.93
100033,23-04-2026,912.27
100033,22-04-2026,923.34
100033,21-04-2026,923.55
100033,20-04-2026,914.6
100033,17-04-2026,911.79
100033,16-04-2026,902.9
100033,15-04-2026,898.85
100033,13-04-2026,881.95
100033,10-04-2026,887.76
100033,09-04-2026,872.36
100033,08-04-2026,874.79
100033,07-04-2026,839.31
100033,06-04-2026,836.38
100033,02-04-2026,825.66
100033,01-04-2026,827.21
100033,31-03-2026,811.29
100033,30-03-2026,811.33
100033,27-03-2026,830.27
100033,25-03-2026,848.27
100033,24-03-2026,-10.5
100033,23-03-2026,812.59
100033,20-03-2026,841.47
100033,19-03-2026,837.38
100033,18-03-2026,864.35
100033,17-03-2026,850.92
100033,16-03-2026,840.6
100033,13-03-2026,839.42
100033,12-03-2026,863.47
100033,11-03-2026,868.79
100033,10-03-2026,881.57
100033,09-03-2026,870.5
100033,06-03-2026,890.12
100033,05-03-2026,896.67
100033,04-03-2026,885.48
100033,02-03-2026,904.45
100033,27-02-2026,914.77
100033,26-02-2026,926.63
100033,25-02-2026,923.13
100033,24-02-2026,915.57
100033,23-02-2026,922.98
100033,20-02-2026,923.73
100033,19-02-2026,918.54
100033,18-02-2026,930.83
100033,17-02-2026,926.66
100033,16-02-2026,924.6
100033,13-02-2026,922.94
100033,12-02-2026,932.95
100033,11-02-2026,933.01
100033,10-02-2026,930.72
100033,09-02-2026,928.46
100033,06-02-2026,911.99
100033,05-02-2026,912.8
100033,04-02-2026,918.21
100033,03-02-2026,914.66
100033,02-02-2026,887.48
100033,30-01-2026,896.85
100033,29-01-2026,899.62
100033,28-01-2026,900.41
100033,27-01-2026,884.78
100033,23-01-2026,882.18
100033,22-01-2026,894.62
100033,21-01-2026,886.49
100033,20-01-2026,892.45
100033,19-01-2026,909.03
100033,16-01-2026,914.41
100033,14-01-2026,911.67
100033,13-01-2026,910.33
100033,12-01-2026,909.02
100033,09-01-2026,908.72
100033,08-01-2026,917.05
100033,07-01-2026,932.63
100033,06-01-2026,929.84
100033,05-01-2026,930.34
100033,02-01-2026,927.6
100033,01-01-2026,920.37
100033,31-12-2025,914.87
100033,30-12-2025,-10.5
100033,29-12-2025,909.32
100033,26-12-2025,911.73
100033,24-12-2025,915.15
100033,23-12-2025,917.92
100033,22-12-2025,918.23
100033,19-12-2025,912.31
100033,18-12-2025,905.17
100033,17-12-2025,904.93
100033,16-12-2025,907.09
100033,15-12-2025,912.21
100033,12-12-2025,912.14
100033,11-12-2025,904.58
100033,10-12-2025,900.41
100033,09-12-2025,903.14
100033,08-12-2025,902.62
100033,05-12-2025,915.77
100033,04-12-2025,913.23
100033,03-12-2025,911.31
100033,02-12-2025,917.29
100033,01-12-2025,920.06
100033,28-11-2025,920.27
100033,27-11-2025,920.97
100033,26-11-2025,920.72
100033,25-11-2025,908.37
100033,24-11-2025,907.55
100033,21-11-2025,911.89
100033,20-11-2025,920.54
100033,19-11-2025,919.93
100033,18-11-2025,916.11
100033,17-11-2025,922.19
100033,14-11-2025,917.28
100033,13-11-2025,918.47
100033,12-11-2025,920.66
100033,11-11-2025,917.17
100033,10-11-2025,916.89
100033,07-11-2025,915.04
100033,06-11-2025,913.93
100033,04-11-2025,921.02
100033,03-11-2025,924.38
100033,31-10-2025,919.51
100033,30-10-2025,924.19
100033,29-10-2025,927.52
100033,28-10-2025,922.84
100033,27-10-2025,922.7
100033,24-10-2025,918.39
100033,23-10-2025,920.47
100033,20-10-2025,-10.5
100033,17-10-2025,915.99
100033,16-10-2025,917.38
100033,15-10-2025,910.75
100033,14-10-2025,901.12
100033,13-10-2025,903.77
100033,10-10-2025,905.99
100033,09-10-2025,903.28
100033,08-10-2025,899.2
100034,31-07-2026,137.9
100034,30-07-2026,137.38
100034,29-07-2026,137.45
100034,28-07-2026,136.43
100034,27-07-2026,136.61
100034,24-07-2026,134.75
100034,23-07-2026,134.93
100034,22-07-2026,135.85
100034,21-07-2026,137.34
100034,20-07-2026,136.44
100034,17-07-2026,135.9
100034,16-07-2026,136.08
100034,15-07-2026,136.09
100034,14-07-2026,135.67
100034,13-07-2026,136.53
100034,10-07-2026,136.55
100034,09-07-2026,134.84
100034,08-07-2026,133.61
100034,07-07-2026,136.15
100034,06-07-2026,136.84
100034,03-07-2026,136.3
100034,02-07-2026,136.15
100034,01-07-2026,135.06
100034,30-06-2026,134.77
100034,29-06-2026,134.38
100034,25-06-2026,135.11
100034,24-06-2026,135.68
100034,23-06-2026,-10.5
100034,22-06-2026,136.08
100034,19-06-2026,135.56
100034,18-06-2026,135.41
100034,17-06-2026,134.5
100034,16-06-2026,133.27
100034,15-06-2026,133.1
100034,12-06-2026,130.58
100034,11-06-2026,128.16
100034,10-06-2026,129.02
100034,09-06-2026,129.95
100034,08-06-2026,128.47
100034,05-06-2026,130.33
100034,04-06-2026,130.29
100034,03-06-2026,129.95
100034,02-06-2026,130.27
100034,01-06-2026,129.89
100034,29-05-2026,131.34
100034,27-05-2026,132.95
100034,26-05-2026,132.56
100034,25-05-2026,132.68
100034,22-05-2026,131.3
100034,21-05-2026,130.67
100034,20-05-2026,130.13
100034,19-05-2026,-10.5
100034,18-05-2026,129.36
100034,15-05-2026,130.01
100034,14-05-2026,130.79
100034,13-05-2026,129.72
100034,12-05-2026,129.46
100034,11-05-2026,132.44
100034,08-05-2026,134.25
100034,07-05-2026,134.75
100034,06-05-2026,133.89
100034,05-05-2026,131.42
100034,04-05-2026,131.79
100034,30-04-2026,130.76
100034,29-04-2026,132.23
100034,28-04-2026,132.31
100034,27-04-2026,133.03
100034,24-04-2026,131.79
100034,23-04-2026,132.86
100034,22-04-2026,134.48
100034,21-04-2026,134.51
100034,20-04-2026,133.2
100034,17-04-2026,132.79
100034,16-04-2026,131.5
100034,15-04-2026,130.91
100034,13-04-2026,128.45
100034,10-04-2026,129.29
100034,09-04-2026,127.05
100034,08-04-2026,127.4
100034,07-04-2026,122.24
100034,06-04-2026,121.81
100034,02-04-2026,120.25
100034,01-04-2026,120.48
100034,31-03-2026,118.16
100034,30-03-2026,118.16
100034,27-03-2026,120.92
100034,25-03-2026,123.54
100034,24-03-2026,121.05
100034,23-03-2026,118.35
100034,20-03-2026,122.55
100034,19-03-2026,121.96
100034,18-03-2026,125.88
100034,17-03-2026,123.93
100034,16-03-2026,-10.5
100034,13-03-2026,122.25
100034,12-03-2026,125.76
100034,11-03-2026,126.53
100034,10-03-2026,128.39
100034,09-03-2026,126.78
100034,06-03-2026,129.64
100034,05-03-2026,130.59
100034,04-03-2026,128.96
100034,02-03-2026,131.72
100034,27-02-2026,133.23
100034,26-02-2026,134.96
100034,25-02-2026,134.44
100034,24-02-2026,133.34
100034,23-02-2026,134.42
100034,20-02-2026,134.53
100034,19-02-2026,133.78
100034,18-02-2026,135.57
100034,17-02-2026,134.96
100034,16-02-2026,134.66
100034,13-02-2026,134.42
100034,12-02-2026,135.88
100034,11-02-2026,135.88
100034,10-02-2026,135.55
100034,09-02-2026,135.22
100034,06-02-2026,132.82
100034,05-02-2026,132.94
100034,04-02-2026,133.73
100034,03-02-2026,133.21
100034,02-02-2026,129.25
100034,30-01-2026,130.62
100034,29-01-2026,131.02
100034,28-01-2026,131.14
100034,27-01-2026,128.86
100034,23-01-2026,128.48
100034,22-01-2026,130.29
100034,21-01-2026,129.11
100034,20-01-2026,129.98
100034,19-01-2026,132.39
100034,16-01-2026,133.18
100034,14-01-2026,132.78
100034,13-01-2026,132.58
100034,12-01-2026,132.39
100034,09-01-2026,132.35
100034,08-01-2026,133.56
100034,07-01-2026,135.83
100034,06-01-2026,135.42
100034,05-01-2026,135.5
100034,02-01-2026,135.1
100034,01-01-2026,134.04
100034,31-12-2025,133.24
100034,30-12-2025,132.16
100034,29-12-2025,132.43
100034,26-12-2025,132.79
100034,24-12-2025,133.28
100034,23-12-2025,133.69
100034,22-12-2025,133.73
100034,19-12-2025,132.87
100034,18-12-2025,131.83
100034,17-12-2025,131.79
100034,16-12-2025,132.11
100034,15-12-2025,132.86
100034,12-12-2025,132.84
100034,11-12-2025,131.74
100034,10-12-2025,131.14
100034,09-12-2025,131.53
100034,08-12-2025,131.46
100034,05-12-2025,133.37
100034,04-12-2025,133.0
100034,03-12-2025,132.72
100034,02-12-2025,133.59
100034,01-12-2025,134.01
100034,28-11-2025,134.04
100034,27-11-2025,134.14
100034,26-11-2025,134.1
100034,25-11-2025,132.3
100034,24-11-2025,132.18
100034,21-11-2025,141.43
100034,20-11-2025,142.77
100034,19-11-2025,142.68
100034,18-11-2025,142.09
100034,17-11-2025,143.03
100034,14-11-2025,142.27
100034,13-11-2025,142.45
100034,12-11-2025,142.79
100034,11-11-2025,142.25
100034,10-11-2025,142.21
100034,07-11-2025,141.92
100034,06-11-2025,141.75
100034,04-11-2025,142.85
100034,03-11-2025,143.37
100034,31-10-2025,142.61
100034,30-10-2025,143.34
100034,29-10-2025,143.86
100034,28-10-2025,143.13
100034,27-10-2025,143.11
100034,24-10-2025,142.44
100034,23-10-2025,142.76
100034,20-10-2025,142.54
100034,17-10-2025,142.07
100034,16-10-2025,142.28
100034,15-10-2025,141.25
100034,14-10-2025,139.76
100034,13-10-2025,140.17
100034,10-10-2025,140.52
100034,09-10-2025,-10.5
100034,08-10-2025,139.46
100035,21-10-2011,14.55
100035,20-10-2011,14.58
100035,19-10-2011,14.66
100035,18-10-2011,14.51
100035,17-10-2011,14.65
100035,14-10-2011,14.65
100035,13-10-2011,14.6
100035,12-10-2011,14.59
100035,11-10-2011,14.43
100035,10-10-2011,14.43
100035,07-10-2011,-10.5
100035,05-10-2011,14.14
100035,04-10-2011,14.19
100035,03-10-2011,14.33
100035,30-09-2011,14.48
100035,29-09-2011,14.58
100035,28-09-2011,14.53
100035,27-09-2011,14.57
100035,26-09-2011,14.36
100035,23-09-2011,14.47
100035,22-09-2011,14.55
100035,21-09-2011,14.87
100035,20-09-2011,14.82
100035,19-09-2011,14.7
100035,16-09-2011,14.76
100035,15-09-2011,14.73
100035,14-09-2011,14.63
100035,13-09-2011,14.56
100035,12-09-2011,14.56
100035,09-09-2011,14.77
100035,08-09-2011,14.89
100035,07-09-2011,14.85
100035,06-09-2011,14.72
100035,05-09-2011,14.68
100035,02-09-2011,-10.5
100035,30-08-2011,14.64
100035,29-08-2011,14.5
100035,26-08-2011,14.21
100035,25-08-2011,14.37
100035,24-08-2011,14.46
100035,23-08-2011,14.56
100035,22-08-2011,14.45
100035,19-08-2011,14.34
100035,18-08-2011,14.5
100035,17-08-2011,14.69
100035,16-08-2011,14.68
100035,12-08-2011,14.7
100035,11-08-2011,14.81
100035,10-08-2011,14.84
100035,09-08-2011,14.69
100035,08-08-2011,14.77
100035,05-08-2011,14.87
100035,04-08-2011,15.04
100035,03-08-2011,15.16
100035,02-08-2011,15.25
100035,01-08-2011,15.34
100035,29-07-2011,15.29
100035,28-07-2011,15.34
100035,27-07-2011,15.42
100035,26-07-2011,15.41
100035,25-07-2011,15.55
100035,22-07-2011,15.46
100035,21-07-2011,15.26
100035,20-07-2011,15.32
100035,19-07-2011,15.45
100035,18-07-2011,15.39
100035,15-07-2011,15.43
100035,14-07-2011,15.43
100035,13-07-2011,15.42
100035,12-07-2011,15.31
100035,11-07-2011,15.43
100035,08-07-2011,15.5
100035,07-07-2011,15.63
100035,06-07-2011,15.49
100035,05-07-2011,15.52
100035,04-07-2011,15.51
100035,01-07-2011,15.43
100035,30-06-2011,15.44
100035,29-06-2011,-10.5
100035,28-06-2011,15.29
100035,27-06-2011,15.24
100035,24-06-2011,15.13
100035,23-06-2011,14.88
100035,22-06-2011,14.86
100035,21-06-2011,14.87
100035,20-06-2011,14.81
100035,17-06-2011,15.04
100035,16-06-2011,15.1
100035,15-06-2011,15.17
100035,14-06-2011,15.23
100035,13-06-2011,-10.5
100035,10-06-2011,15.2
100035,09-06-2011,15.23
100035,08-06-2011,15.22
100035,07-06-2011,15.28
100035,06-06-2011,15.21
100035,03-06-2011,15.2
100035,02-06-2011,15.24
100035,01-06-2011,15.27
100035,31-05-2011,15.21
100035,30-05-2011,15.07
100035,27-05-2011,15.05
100035,26-05-2011,14.95
100035,25-05-2011,14.84
100035,24-05-2011,14.9
100035,23-05-2011,14.88
100035,20-05-2011,15.06
100035,19-05-2011,14.95
100035,18-05-2011,14.96
100035,17-05-2011,15.01
100035,16-05-2011,15.09
100035,13-05-2011,15.18
100035,12-05-2011,15.06
100035,11-05-2011,15.15
100035,10-05-2011,15.14
100035,09-05-2011,15.15
100035,06-05-2011,15.14
100035,05-05-2011,14.95
100035,04-05-2011,15.09
100035,03-05-2011,15.16
100035,02-05-2011,15.36
100035,29-04-2011,15.47
100035,28-04-2011,15.57
100035,27-04-2011,15.58
100035,26-04-2011,15.58
100035,25-04-2011,15.6
100035,21-04-2011,15.6
100035,20-04-2011,15.6
100035,19-04-2011,15.43
100035,18-04-2011,15.4
100035,15-04-2011,15.55
100035,13-04-2011,15.66
100035,11-04-2011,15.49
100035,08-04-2011,15.57
100035,07-04-2011,15.63
100035,06-04-2011,15.64
100035,05-04-2011,15.67
100035,04-04-2011,15.63
100035,01-04-2011,15.46
100035,31-03-2011,15.43
100035,30-03-2011,15.37
100035,29-03-2011,15.22
100035,28-03-2011,15.16
100035,25-03-2011,15.11
100035,24-03-2011,14.92
100035,23-03-2011,14.87
100035,22-03-2011,14.77
100035,21-03-2011,14.67
100035,18-03-2011,14.66
100035,17-03-2011,14.75
100035,16-03-2011,14.8
100035,15-03-2011,14.68
100035,14-03-2011,-10.5
100035,11-03-2011,14.72
100035,10-03-2011,14.81
100035,09-03-2011,14.85
100035,08-03-2011,14.82
100035,07-03-2011,14.73
100035,04-03-2011,14.81
100035,03-03-2011,14.8
100035,01-03-2011,-10.5
100035,28-02-2011,14.53
100035,25-02-2011,14.47
100035,24-02-2011,14.45
100035,23-02-2011,14.74
100035,22-02-2011,14.84
100035,21-02-2011,14.92
100035,18-02-2011,14.82
100035,17-02-2011,14.97
100035,16-02-2011,14.88
100035,15-02-2011,14.86
100035,14-02-2011,14.84
100035,11-02-2011,14.59
100035,10-02-2011,14.44
100035,09-02-2011,14.48
100035,08-02-2011,14.64
100035,07-02-2011,14.79
100035,04-02-2011,14.83
100035,03-02-2011,15.01
100035,02-02-2011,14.89
100035,01-02-2011,14.86
100035,31-01-2011,15.0
100035,28-01-2011,14.94
100035,27-01-2011,15.16
100035,25-01-2011,15.33
100035,24-01-2011,15.42
100035,21-01-2011,15.35
100035,20-01-2011,15.37
100035,19-01-2011,15.33
100035,18-01-2011,15.36
100035,17-01-2011,15.22
100035,14-01-2011,16.43
100035,13-01-2011,16.6
100035,12-01-2011,16.74
100035,11-01-2011,16.55
100035,10-01-2011,16.56
100035,07-01-2011,16.78
100035,06-01-2011,17.03
100035,05-01-2011,17.13
100035,04-01-2011,17.25
100036,21-10-2011,30.91
100036,20-10-2011,30.97
100036,19-10-2011,31.15
100036,18-10-2011,30.81
100036,17-10-2011,31.11
100036,14-10-2011,31.12
100036,13-10-2011,31.01
100036,12-10-2011,30.99
100036,11-10-2011,30.65
100036,10-10-2011,30.66
100036,07-10-2011,30.43
100036,05-10-2011,30.03
100036,04-10-2011,30.13
100036,03-10-2011,30.45
100036,30-09-2011,30.76
100036,29-09-2011,30.98
100036,28-09-2011,30.86
100036,27-09-2011,30.95
100036,26-09-2011,30.51
100036,23-09-2011,30.73
100036,22-09-2011,30.91
100036,21-09-2011,31.58
100036,20-09-2011,31.48
100036,19-09-2011,31.22
100036,16-09-2011,31.35
100036,15-09-2011,31.3
100036,14-09-2011,31.08
100036,13-09-2011,30.92
100036,12-09-2011,30.94
100036,09-09-2011,31.37
100036,08-09-2011,31.62
100036,07-09-2011,31.54
100036,06-09-2011,31.27
100036,05-09-2011,31.17
100036,02-09-2011,31.27
100036,30-08-2011,31.09
100036,29-08-2011,30.8
100036,26-08-2011,30.18
100036,25-08-2011,30.52
100036,24-08-2011,30.72
100036,23-08-2011,30.94
100036,22-08-2011,30.68
100036,19-08-2011,30.45
100036,18-08-2011,30.8
100036,17-08-2011,31.21
100036,16-08-2011,31.18
100036,12-08-2011,31.22
100036,11-08-2011,31.45
100036,10-08-2011,31.52
100036,09-08-2011,31.21
100036,08-08-2011,31.37
100036,05-08-2011,31.59
100036,04-08-2011,31.95
100036,03-08-2011,32.19
100036,02-08-2011,32.39
100036,01-08-2011,32.58
100036,29-07-2011,32.49
100036,28-07-2011,32.58
100036,27-07-2011,32.75
100036,26-07-2011,32.73
100036,25-07-2011,33.02
100036,22-07-2011,32.85
100036,21-07-2011,32.4
100036,20-07-2011,32.54
100036,19-07-2011,32.81
100036,18-07-2011,32.7
100036,15-07-2011,32.77
100036,14-07-2011,32.78
100036,13-07-2011,32.76
100036,12-07-2011,32.52
100036,11-07-2011,32.78
100036,08-07-2011,32.92
100036,07-07-2011,33.21
100036,06-07-2011,32.9
100036,05-07-2011,32.96
100036,04-07-2011,32.95
100036,01-07-2011,32.77
100036,30-06-2011,32.8
100036,29-06-2011,32.68
100036,28-06-2011,32.48
100036,27-06-2011,32.37
100036,24-06-2011,32.14
100036,23-06-2011,31.61
100036,22-06-2011,31.57
100036,21-06-2011,31.58
100036,20-06-2011,31.47
100036,17-06-2011,31.95
100036,16-06-2011,32.06
100036,15-06-2011,32.22
100036,14-06-2011,32.36
100036,13-06-2011,32.25
100036,10-06-2011,32.28
100036,09-06-2011,32.36
100036,08-06-2011,32.32
100036,07-06-2011,32.45
100036,06-06-2011,32.31
100036,03-06-2011,32.28
100036,02-06-2011,32.37
100036,01-06-2011,32.44
100036,31-05-2011,32.31
100036,30-05-2011,32.0
100036,27-05-2011,31.97
100036,26-05-2011,31.76
100036,25-05-2011,31.52
100036,24-05-2011,-10.5
100036,23-05-2011,31.61
100036,20-05-2011,31.98
100036,19-05-2011,31.76
100036,18-05-2011,31.77
100036,17-05-2011,31.89
100036,16-05-2011,32.05
100036,13-05-2011,32.24
100036,12-05-2011,31.98
100036,11-05-2011,32.19
100036,10-05-2011,32.15
100036,09-05-2011,-10.5
100036,06-05-2011,32.16
100036,05-05-2011,31.77
100036,04-05-2011,32.06
100036,03-05-2011,32.2
100036,02-05-2011,32.63
100036,29-04-2011,32.86
100036,28-04-2011,33.07
100036,27-04-2011,33.1
100036,26-04-2011,33.1
100036,25-04-2011,33.13
100036,21-04-2011,33.13
100036,20-04-2011,33.14
100036,19-04-2011,32.77
100036,18-04-2011,32.72
100036,15-04-2011,33.04
100036,13-04-2011,33.26
100036,11-04-2011,32.9
100036,08-04-2011,33.08
100036,07-04-2011,33.19
100036,06-04-2011,33.22
100036,05-04-2011,33.29
100036,04-04-2011,-10.5
100036,01-04-2011,32.83
100036,31-03-2011,32.77
100036,30-03-2011,32.66
100036,29-03-2011,32.34
100036,28-03-2011,32.2
100036,25-03-2011,32.09
100036,24-03-2011,31.69
100036,23-03-2011,31.59
100036,22-03-2011,31.38
100036,21-03-2011,31.17
100036,18-03-2011,31.15
100036,17-03-2011,31.34
100036,16-03-2011,31.44
100036,15-03-2011,31.17
100036,14-03-2011,31.46
100036,11-03-2011,31.27
100036,10-03-2011,31.46
100036,09-03-2011,31.55
100036,08-03-2011,31.49
100036,07-03-2011,31.29
100036,04-03-2011,31.45
100036,03-03-2011,31.45
100036,01-03-2011,31.48
100036,28-02-2011,30.86
100036,25-02-2011,30.74
100036,24-02-2011,30.7
100036,23-02-2011,31.32
100036,22-02-2011,31.51
100036,21-02-2011,31.69
100036,18-02-2011,31.48
100036,17-02-2011,31.79
100036,16-02-2011,31.6
100036,15-02-2011,31.57
100036,14-02-2011,31.51
100036,11-02-2011,30.98
100036,10-02-2011,30.67
100036,09-02-2011,30.76
100036,08-02-2011,31.09
100036,07-02-2011,31.41
100036,04-02-2011,31.5
100036,03-02-2011,31.87
100036,02-02-2011,31.64
100036,01-02-2011,31.56
100036,31-01-2011,31.87
100036,28-01-2011,31.74
100036,27-01-2011,32.21
100036,25-01-2011,32.56
100036,24-01-2011,32.76
100036,21-01-2011,32.61
100036,20-01-2011,32.65
100036,19-01-2011,32.57
100036,18-01-2011,32.62
100036,17-01-2011,32.32
100036,14-01-2011,32.36
100036,13-01-2011,32.68
100036,12-01-2011,32.95
100036,11-01-2011,32.59
100036,10-01-2011,32.6
100036,07-01-2011,33.04
100036,06-01-2011,33.53
100036,05-01-2011,33.73
100036,04-01-2011,33.97
