transaction_id,amfi_code,investor_id,transaction_type,amount,transaction_date,kyc_status
TXN897608,100081,INV7563,Redemption,80948.84,04/08/2023,Rejected
TXN609820,100051,INV6900,LUMP,-4419.26,27/06/2023,Pending
TXN527605,100038,INV4862,Redemption,50306.11,04/11/2023,N/A
TXN279168,100067,INV3729,Lumpsum,18962.03,18/07/2023,N/A
TXN341840,100035,INV8544,sip,47204.69,05/06/2023,Pending
TXN139999,100031,INV2634,LUMP,5159.54,21/03/2023,Rejected
TXN908777,100036,INV1382,Redemption,40864.89,11/12/2023,Pending
TXN670530,100041,INV2441,sip,47056.5,19/07/2023,Rejected
TXN221999,100029,INV1076,SIP,24711.8,15/01/2023,Pending
TXN129633,100060,INV2439,SIP,-73.23,25/03/2023,N/A
TXN929031,100034,INV6082,Lumpsum,44497.32,08/06/2023,Rejected
TXN871245,100062,INV2894,sip,59235.95,01/01/2023,Verified
TXN738238,100081,INV8334,Red,10040.03,10/11/2023,Rejected
TXN886349,100033,INV9700,Red,35483.4,25/06/2023,Pending
TXN339568,100068,INV8932,Redemption,17752.45,03/12/2023,Pending
TXN805156,100078,INV1555,sip,3566.97,28/05/2023,Rejected
TXN353319,100061,INV6831,Red,64519.78,14/08/2023,Verified
TXN677039,100029,INV4898,LUMP,23740.8,03/06/2023,N/A
TXN137763,100030,INV4281,LUMP,96145.59,14/03/2023,N/A
TXN273485,100059,INV2436,SIP,58980.6,30/09/2023,Rejected
TXN910688,100056,INV3840,SIP,83776.51,15/07/2023,Verified
TXN149944,100048,INV6840,sip,75235.97,19/12/2023,Verified
TXN458600,100030,INV7399,Lumpsum,66784.26,26/06/2023,Pending
TXN869482,100046,INV3455,SIP,60694.6,13/01/2023,N/A
TXN501174,100030,INV9451,sip,61946.63,19/11/2023,Verified
TXN451217,100061,INV6945,sip,85545.88,24/03/2023,N/A
TXN438684,100079,INV2209,sip,81969.15,10/12/2023,Pending
TXN282175,100066,INV8850,SIP,68435.92,27/11/2023,Pending
TXN196673,100062,INV8993,Red,-3726.88,03/11/2023,Verified
TXN302797,100061,INV5120,sip,49739.71,02/09/2023,Rejected
TXN461943,100054,INV9423,Redemption,228.59,21/05/2023,Verified
TXN543468,100046,INV8610,SIP,62288.24,23/06/2023,N/A
TXN989827,100064,INV6588,SIP,52460.27,15/10/2023,Rejected
TXN237996,100034,INV9017,Redemption,36636.75,21/02/2023,Pending
TXN778036,100051,INV5981,Redemption,42857.56,17/07/2023,Pending
TXN567074,100064,INV5455,Redemption,92942.64,23/02/2023,N/A
TXN492136,100053,INV6329,Red,81511.5,26/09/2023,N/A
TXN881371,100086,INV2543,SIP,53988.25,24/07/2023,Rejected
TXN613102,100088,INV9890,Red,20178.0,06/07/2023,Verified
TXN726504,100087,INV7598,sip,-3839.5,13/05/2023,N/A
TXN128997,100063,INV8578,LUMP,68296.88,18/09/2023,N/A
TXN719824,100064,INV4529,Redemption,78452.55,01/06/2023,Rejected
TXN555358,100046,INV2149,Red,24769.92,22/04/2023,Verified
TXN912761,100054,INV5301,Lumpsum,35233.38,24/01/2023,Rejected
TXN375652,100037,INV1811,SIP,6876.25,08/09/2023,Pending
TXN636861,100066,INV6557,Lumpsum,77300.46,16/02/2023,Rejected
TXN485368,100031,INV9727,Red,39148.63,06/02/2023,Verified
TXN252589,100077,INV5632,Lumpsum,31478.98,21/02/2023,Rejected
TXN724521,100027,INV5093,SIP,96385.65,25/04/2023,Verified
TXN153773,100030,INV7606,LUMP,10986.05,23/01/2023,Verified
TXN362261,100031,INV7951,SIP,64543.44,16/04/2023,Pending
TXN464289,100034,INV4976,Red,-1890.85,29/09/2023,Pending
TXN557024,100055,INV3202,Redemption,39779.54,17/02/2023,Verified
TXN977100,100035,INV2934,Lumpsum,5585.53,06/11/2023,Pending
TXN844100,100046,INV6174,Lumpsum,24292.16,26/09/2023,N/A
TXN974365,100065,INV9486,SIP,10649.7,17/04/2023,N/A
TXN790918,100034,INV4475,Redemption,32557.47,07/02/2023,Rejected
TXN268722,100055,INV2242,Redemption,57509.03,14/12/2023,Pending
TXN293771,100043,INV7570,SIP,93772.84,20/05/2023,Verified
TXN152431,100066,INV1816,Lumpsum,16779.29,28/09/2023,Verified
TXN634431,100059,INV5311,sip,48507.62,27/12/2023,Verified
TXN306903,100060,INV5381,Lumpsum,78764.11,21/10/2023,Verified
TXN397592,100057,INV5292,SIP,23836.66,27/09/2023,N/A
TXN893816,100044,INV9902,sip,24380.49,27/11/2023,N/A
TXN486679,100063,INV6673,SIP,18892.96,02/12/2023,Pending
TXN963117,100036,INV1891,Redemption,73382.58,09/05/2023,Pending
TXN504096,100047,INV6729,sip,41601.97,27/08/2023,Pending
TXN653910,100068,INV5996,sip,58788.23,30/06/2023,N/A
TXN739496,100031,INV8056,LUMP,64965.43,26/10/2023,Verified
TXN406551,100035,INV8936,sip,96484.52,04/06/2023,Rejected
TXN125001,100084,INV4879,sip,686.05,28/06/2023,Pending
TXN535755,100065,INV2677,Red,13085.87,11/10/2023,Verified
TXN835262,100087,INV7729,sip,54127.92,05/03/2023,N/A
TXN725189,100067,INV1332,Red,39516.13,13/05/2023,Pending
TXN995005,100078,INV4094,LUMP,9559.84,14/02/2023,Pending
TXN274454,100036,INV3882,Redemption,49347.9,10/05/2023,Pending
TXN561551,100067,INV8292,sip,49926.96,18/10/2023,Verified
TXN427347,100054,INV4298,SIP,87503.73,03/08/2023,Pending
TXN382092,100086,INV7129,LUMP,43088.29,04/02/2023,Verified
TXN990209,100068,INV8662,SIP,-117.63,06/06/2023,N/A
TXN778635,100084,INV5326,LUMP,70616.27,01/01/2023,Pending
TXN872681,100068,INV9159,Redemption,93523.47,23/09/2023,N/A
TXN292458,100077,INV3181,Redemption,31413.1,04/10/2023,Verified
TXN173305,100029,INV3160,SIP,62330.04,18/11/2023,Pending
TXN478894,100057,INV7424,Lumpsum,77690.13,03/01/2023,Pending
TXN139536,100055,INV1563,LUMP,58861.47,21/09/2023,Verified
TXN287467,100079,INV6793,LUMP,93319.56,13/03/2023,Pending
TXN203381,100041,INV2491,SIP,28451.01,07/11/2023,Pending
TXN499351,100054,INV9551,SIP,58112.37,09/07/2023,Pending
TXN409330,100029,INV3385,LUMP,98319.23,07/07/2023,N/A
TXN503131,100084,INV4409,Lumpsum,5280.57,14/06/2023,N/A
TXN788315,100032,INV2952,Red,43150.5,02/10/2023,Pending
TXN675771,100088,INV2714,Red,17432.09,03/08/2023,N/A
TXN293812,100078,INV8335,Red,94850.24,22/11/2023,N/A
TXN837326,100047,INV1237,Red,36227.36,06/10/2023,N/A
TXN195717,100086,INV6911,Lumpsum,9420.18,21/01/2023,N/A
TXN727358,100035,INV1867,sip,8183.57,22/09/2023,Pending
TXN649236,100041,INV2686,Lumpsum,33585.12,04/05/2023,Rejected
TXN860869,100082,INV2382,sip,34515.55,07/04/2023,Pending
TXN258176,100031,INV9857,SIP,-4338.22,11/09/2023,Rejected
TXN227395,100080,INV3588,sip,85317.82,12/01/2023,N/A
TXN260919,100034,INV4252,LUMP,34186.69,06/08/2023,N/A
TXN929683,100035,INV7252,Lumpsum,8023.73,19/01/2023,Verified
TXN895677,100055,INV9337,Lumpsum,29036.74,16/11/2023,N/A
TXN929161,100082,INV4818,sip,98994.23,07/01/2023,N/A
TXN884181,100060,INV9128,Redemption,44289.38,02/10/2023,N/A
TXN206945,100053,INV1358,Lumpsum,54295.33,10/02/2023,Rejected
TXN621891,100029,INV6515,sip,87791.52,12/02/2023,Pending
TXN600739,100029,INV8367,LUMP,86536.97,24/04/2023,Pending
TXN798596,100057,INV4237,SIP,44272.67,01/08/2023,Verified
TXN918238,100086,INV1665,Lumpsum,97803.93,04/01/2023,Pending
TXN988158,100036,INV5595,sip,4504.15,19/04/2023,Pending
TXN593361,100066,INV2599,LUMP,77466.76,02/04/2023,Verified
TXN470011,100041,INV6852,sip,76558.48,18/02/2023,N/A
TXN419115,100053,INV2540,Red,62273.98,17/07/2023,N/A
TXN427853,100032,INV9936,SIP,59236.55,10/05/2023,Rejected
TXN899157,100088,INV7364,sip,22297.43,29/08/2023,N/A
TXN954653,100055,INV1641,Red,24956.66,16/09/2023,N/A
TXN796841,100065,INV3526,sip,48529.46,27/11/2023,Verified
TXN899398,100042,INV7085,LUMP,8636.91,06/05/2023,Verified
TXN235938,100067,INV8523,sip,57759.58,11/07/2023,N/A
TXN500839,100057,INV6249,SIP,98026.22,22/07/2023,Pending
TXN869624,100082,INV9075,LUMP,38158.43,20/05/2023,Pending
TXN815358,100052,INV1775,Lumpsum,-1423.94,12/05/2023,Rejected
TXN644826,100053,INV9851,LUMP,-3448.29,21/10/2023,Pending
TXN397087,100057,INV1823,sip,50038.21,02/01/2023,N/A
TXN835620,100052,INV6055,Red,86829.05,07/12/2023,Pending
TXN262548,100043,INV4587,Red,53574.55,18/09/2023,Verified
TXN636721,100031,INV7148,sip,61934.92,26/07/2023,Pending
TXN291402,100088,INV5553,Lumpsum,50119.82,17/02/2023,Verified
TXN478294,100066,INV4809,SIP,60257.33,15/09/2023,Verified
TXN472397,100031,INV4124,Lumpsum,87563.97,29/08/2023,Verified
TXN534671,100081,INV8750,Redemption,89922.09,26/11/2023,N/A
TXN382914,100063,INV1312,SIP,66081.63,20/02/2023,Pending
TXN660564,100058,INV1513,Redemption,16345.41,24/06/2023,Rejected
TXN894264,100078,INV2022,sip,5674.29,31/12/2023,Verified
TXN339144,100084,INV6775,LUMP,29378.12,11/01/2023,Verified
TXN135516,100035,INV1852,Redemption,6817.04,02/12/2023,Pending
TXN860198,100064,INV5139,Red,99617.24,25/06/2023,Rejected
TXN340228,100088,INV5219,Redemption,4731.59,11/07/2023,N/A
TXN476048,100068,INV3923,sip,72964.53,08/06/2023,N/A
TXN539435,100051,INV8917,Lumpsum,92841.92,25/11/2023,Rejected
TXN336524,100058,INV5551,Red,92511.09,29/03/2023,N/A
TXN688481,100057,INV8814,LUMP,29178.0,30/03/2023,Pending
TXN424609,100037,INV6906,LUMP,-4206.5,29/03/2023,N/A
TXN262996,100055,INV7921,sip,74895.35,16/07/2023,Rejected
TXN185734,100060,INV6657,Redemption,44027.0,08/08/2023,N/A
TXN861135,100079,INV7516,Red,16963.65,04/10/2023,Pending
TXN643698,100027,INV5377,sip,6187.26,18/10/2023,Verified
TXN421248,100051,INV5043,Red,53023.32,06/10/2023,N/A
TXN885113,100058,INV8317,sip,23300.99,10/01/2023,Pending
TXN391822,100032,INV3278,Red,27314.07,07/01/2023,Rejected
TXN142057,100036,INV5240,Redemption,2462.69,08/01/2023,Rejected
TXN425853,100034,INV2614,Red,62632.01,18/06/2023,Pending
TXN327733,100078,INV9271,Lumpsum,3662.39,16/07/2023,Pending
TXN314185,100047,INV8769,Redemption,89576.21,16/02/2023,Pending
TXN855302,100055,INV1793,SIP,37554.11,12/05/2023,Pending
TXN299361,100062,INV3445,LUMP,68787.6,20/04/2023,Rejected
TXN743268,100029,INV3356,sip,79228.61,01/09/2023,Rejected
TXN401100,100054,INV4765,Redemption,98809.22,12/07/2023,Rejected
TXN208595,100065,INV5847,LUMP,50776.23,30/03/2023,Verified
TXN315239,100063,INV6524,LUMP,37604.08,21/12/2023,Verified
TXN204105,100047,INV8053,sip,76463.24,13/10/2023,Rejected
TXN495590,100082,INV5774,LUMP,-4927.5,18/05/2023,Rejected
TXN223894,100036,INV5158,sip,5436.53,18/07/2023,Rejected
TXN725267,100030,INV6460,Redemption,64978.07,20/08/2023,Verified
TXN450772,100032,INV1407,Lumpsum,91201.36,30/01/2023,Verified
TXN558926,100032,INV7338,Lumpsum,93961.92,18/09/2023,Rejected
TXN363691,100086,INV4431,Redemption,82125.36,23/05/2023,Rejected
TXN267993,100033,INV4958,SIP,99286.34,26/04/2023,N/A
TXN163860,100059,INV2294,Red,83577.54,23/09/2023,Pending
TXN165045,100079,INV8350,SIP,40064.47,12/09/2023,N/A
TXN657544,100042,INV3128,LUMP,85344.5,17/11/2023,Pending
TXN280168,100086,INV1206,sip,99884.25,02/02/2023,Rejected
TXN255846,100067,INV5629,Lumpsum,7430.31,21/05/2023,Pending
TXN596457,100042,INV5097,Redemption,84291.1,11/06/2023,Pending
TXN482811,100060,INV4307,Redemption,25759.98,07/07/2023,N/A
TXN605348,100062,INV6486,Red,77600.97,23/07/2023,N/A
TXN993192,100079,INV4064,LUMP,52950.04,20/08/2023,N/A
TXN372401,100051,INV8744,SIP,69474.57,30/09/2023,Verified
TXN926062,100068,INV4059,Redemption,63107.79,03/09/2023,N/A
TXN300002,100029,INV9947,Lumpsum,93738.9,14/10/2023,Pending
TXN914395,100065,INV4465,Red,75564.54,21/08/2023,Pending
TXN821411,100088,INV6613,SIP,48987.85,06/07/2023,Pending
TXN725618,100057,INV9558,LUMP,64585.73,23/06/2023,Rejected
TXN272917,100087,INV4788,LUMP,-4162.02,07/12/2023,Pending
TXN833684,100059,INV5524,LUMP,10990.78,30/01/2023,Pending
TXN551649,100058,INV4888,Redemption,82694.12,21/07/2023,Rejected
TXN701701,100079,INV8717,sip,42194.15,28/02/2023,Verified
TXN616343,100058,INV6978,sip,27148.28,03/05/2023,Rejected
TXN837297,100068,INV5810,Red,32598.34,25/01/2023,Verified
TXN524016,100086,INV6225,sip,18807.96,04/09/2023,N/A
TXN680799,100060,INV3631,Red,89993.51,08/07/2023,Verified
TXN167748,100051,INV9316,LUMP,13850.17,09/04/2023,Pending
TXN173227,100051,INV3832,Lumpsum,50061.36,15/09/2023,N/A
TXN590638,100053,INV5549,LUMP,39107.51,07/12/2023,N/A
TXN306089,100066,INV8612,Lumpsum,49127.5,24/06/2023,Verified
TXN866622,100064,INV6833,SIP,9931.24,16/09/2023,Verified
TXN204988,100062,INV7977,Redemption,4744.62,11/12/2023,Pending
TXN415178,100043,INV6082,sip,52901.72,09/02/2023,Verified
TXN921078,100067,INV1285,sip,38744.11,04/11/2023,N/A
TXN542099,100082,INV7912,Redemption,93408.86,13/10/2023,Pending
TXN770838,100085,INV6763,Lumpsum,70989.75,21/11/2023,N/A
TXN942926,100060,INV3455,Lumpsum,75054.34,25/07/2023,Verified
TXN871292,100064,INV8870,Lumpsum,42243.18,14/09/2023,Rejected
TXN527317,100048,INV2584,LUMP,68264.22,28/08/2023,N/A
TXN170250,100047,INV6690,Redemption,11058.27,09/02/2023,Verified
TXN416209,100051,INV7021,LUMP,98891.85,14/09/2023,Pending
TXN123244,100035,INV7375,Redemption,29751.75,07/12/2023,Verified
TXN323982,100054,INV9242,LUMP,15783.07,22/06/2023,Pending
TXN220503,100054,INV1904,Redemption,40298.53,14/06/2023,N/A
TXN636638,100078,INV8305,Redemption,23255.24,20/07/2023,N/A
TXN719221,100043,INV8167,Redemption,85386.5,24/12/2023,Rejected
TXN131055,100053,INV8665,LUMP,60212.61,02/07/2023,Rejected
TXN311899,100066,INV3909,Lumpsum,71554.08,06/07/2023,N/A
TXN279859,100047,INV2976,sip,77026.63,13/01/2023,Verified
TXN900408,100088,INV3302,LUMP,46879.66,18/08/2023,Verified
TXN489147,100049,INV3620,sip,13039.08,28/02/2023,Verified
TXN937000,100067,INV8505,LUMP,54597.9,21/12/2023,Rejected
TXN669457,100037,INV8970,Redemption,44451.1,26/04/2023,N/A
TXN256000,100052,INV8325,Redemption,6318.98,11/01/2023,Pending
TXN907686,100061,INV1685,Red,78995.68,05/03/2023,Verified
TXN550023,100057,INV2008,LUMP,65229.58,15/09/2023,Pending
TXN730594,100041,INV6161,Red,53795.05,08/11/2023,Rejected
TXN273780,100053,INV4919,LUMP,25693.43,23/09/2023,Rejected
TXN298868,100036,INV9565,Lumpsum,7978.62,02/12/2023,N/A
TXN522172,100057,INV5547,Redemption,34588.17,17/11/2023,Rejected
TXN871338,100035,INV8534,Red,88380.46,20/12/2023,N/A
TXN563108,100052,INV3096,Red,48226.81,15/12/2023,Rejected
TXN738656,100030,INV1653,Red,76753.57,06/01/2023,Verified
TXN517581,100061,INV7041,Red,21080.29,24/02/2023,Pending
TXN835172,100068,INV7987,Red,87022.77,16/12/2023,N/A
TXN936640,100031,INV3742,Lumpsum,62075.35,11/05/2023,Pending
TXN105563,100059,INV4134,sip,48435.61,24/02/2023,Rejected
TXN413855,100068,INV7489,Redemption,-1721.48,12/09/2023,Rejected
TXN737750,100088,INV5181,Lumpsum,32625.58,28/12/2023,Verified
TXN909836,100033,INV1380,Red,48513.54,29/07/2023,Pending
TXN407903,100063,INV2122,SIP,58197.43,06/07/2023,Pending
TXN153545,100032,INV5116,Red,64555.74,11/07/2023,Rejected
TXN198923,100038,INV2098,Lumpsum,-3624.71,25/03/2023,Rejected
TXN757937,100086,INV5757,Red,34305.13,24/08/2023,Rejected
TXN960796,100067,INV8261,SIP,27716.4,05/02/2023,Rejected
TXN473860,100033,INV3336,Red,20151.82,18/06/2023,Verified
TXN842225,100029,INV2712,Redemption,1512.88,09/10/2023,Rejected
TXN928036,100043,INV9870,SIP,70876.87,10/12/2023,Rejected
TXN490457,100085,INV9646,Redemption,25033.85,15/07/2023,Rejected
TXN933012,100038,INV9824,Red,93166.9,22/06/2023,N/A
TXN423954,100034,INV3232,sip,50488.59,07/02/2023,N/A
TXN478241,100066,INV3052,SIP,78062.79,22/05/2023,Verified
TXN940041,100065,INV8791,LUMP,89169.3,01/09/2023,Rejected
TXN457410,100079,INV3003,Lumpsum,51169.21,12/03/2023,Pending
TXN728623,100027,INV1506,Red,64132.98,21/01/2023,N/A
TXN521105,100055,INV4711,sip,66409.1,29/11/2023,Pending
TXN425539,100047,INV5912,Redemption,46300.29,08/01/2023,N/A
TXN807433,100080,INV4077,LUMP,10200.0,06/12/2023,Rejected
TXN245492,100041,INV9463,Red,78411.79,08/05/2023,N/A
TXN938381,100080,INV7242,SIP,20091.87,23/10/2023,Pending
TXN202984,100035,INV1454,LUMP,59198.38,18/09/2023,Pending
TXN966879,100088,INV7263,Red,88913.78,11/08/2023,N/A
TXN803721,100037,INV6059,Redemption,-1674.45,31/07/2023,Pending
TXN459891,100064,INV4354,Lumpsum,17757.56,03/11/2023,Rejected
TXN825259,100079,INV3552,Lumpsum,31385.96,31/03/2023,N/A
TXN707197,100084,INV5183,SIP,25046.75,21/03/2023,Rejected
TXN588419,100046,INV8113,Redemption,48042.68,29/04/2023,N/A
TXN357851,100078,INV4192,Lumpsum,68377.74,24/10/2023,Rejected
TXN551954,100084,INV6751,Red,57416.78,28/10/2023,N/A
TXN328674,100053,INV4840,Redemption,36729.37,29/08/2023,Verified
TXN225567,100062,INV6560,Redemption,98791.51,06/05/2023,N/A
TXN319936,100077,INV8503,Lumpsum,1688.78,30/10/2023,Rejected
TXN450675,100036,INV4657,LUMP,99100.13,05/04/2023,N/A
TXN278923,100028,INV8973,LUMP,-2484.08,09/11/2023,Rejected
TXN554890,100080,INV5936,Lumpsum,-480.15,24/09/2023,Rejected
TXN866111,100048,INV1105,sip,41512.62,30/04/2023,Verified
TXN653591,100065,INV9784,LUMP,95364.99,28/01/2023,Pending
TXN365026,100047,INV7606,Redemption,25826.04,01/01/2023,Pending
TXN356705,100043,INV4695,sip,30456.6,28/08/2023,Rejected
TXN947681,100064,INV6727,Redemption,66584.25,07/06/2023,Rejected
TXN642993,100053,INV1902,LUMP,75725.08,19/11/2023,Pending
TXN561402,100058,INV3990,LUMP,42123.64,11/04/2023,Rejected
TXN783103,100042,INV2241,Redemption,93179.46,01/01/2023,Rejected
TXN664316,100086,INV7856,LUMP,94005.83,09/05/2023,Verified
TXN583843,100064,INV4839,SIP,3995.32,27/07/2023,Rejected
TXN872031,100080,INV2237,Redemption,8746.83,17/03/2023,Rejected
TXN270540,100046,INV3573,Lumpsum,99837.82,26/08/2023,N/A
TXN935971,100088,INV2072,Red,8874.37,25/08/2023,Pending
TXN443526,100069,INV8547,sip,98072.39,30/05/2023,N/A
TXN491050,100088,INV1068,Lumpsum,10320.65,03/12/2023,Rejected
TXN819264,100042,INV2711,Lumpsum,156.8,07/07/2023,Rejected
TXN903411,100066,INV5179,Lumpsum,71855.7,29/03/2023,N/A
TXN410116,100034,INV7246,LUMP,66615.65,16/05/2023,Rejected
TXN108001,100027,INV1183,SIP,33888.89,22/08/2023,Pending
TXN849840,100032,INV2167,Redemption,20067.76,10/08/2023,Pending
TXN910981,100048,INV3135,SIP,55361.57,20/08/2023,Pending
TXN806649,100037,INV2304,Red,70585.6,21/05/2023,Verified
TXN251852,100053,INV4485,sip,7911.88,28/11/2023,N/A
TXN514884,100042,INV1695,Redemption,69727.81,20/02/2023,Verified
TXN929806,100084,INV1266,SIP,38341.02,09/07/2023,Pending
TXN869625,100036,INV8411,Red,74145.05,29/06/2023,Pending
TXN969572,100078,INV2240,LUMP,43299.29,22/08/2023,Pending
TXN736664,100047,INV3005,sip,23562.15,01/05/2023,N/A
TXN410775,100064,INV2335,sip,14255.39,13/11/2023,Rejected
TXN736864,100056,INV6084,sip,6774.07,04/07/2023,Rejected
TXN345351,100043,INV7204,SIP,56874.36,21/06/2023,Rejected
TXN399426,100053,INV8472,Red,97615.98,27/08/2023,Verified
TXN396177,100085,INV3321,Redemption,43805.01,24/02/2023,Verified
TXN102984,100063,INV3135,sip,47738.98,14/05/2023,Pending
TXN761094,100044,INV1070,LUMP,5376.91,15/07/2023,Pending
TXN336102,100033,INV8439,LUMP,22866.73,13/12/2023,N/A
TXN969850,100064,INV7105,SIP,-797.6,07/02/2023,Rejected
TXN822974,100041,INV8544,Redemption,18758.67,13/06/2023,N/A
TXN760046,100027,INV5730,Red,69512.01,18/04/2023,Verified
TXN432856,100064,INV6188,sip,16240.92,15/12/2023,Rejected
TXN896746,100087,INV9279,sip,20704.45,18/08/2023,N/A
TXN808730,100069,INV6396,SIP,83290.96,01/08/2023,Rejected
TXN394150,100088,INV1347,SIP,64558.8,15/10/2023,N/A
TXN311790,100053,INV3541,Redemption,97395.48,30/10/2023,Verified
TXN250742,100031,INV8289,sip,89621.48,01/05/2023,Rejected
TXN676069,100057,INV7990,Redemption,-1685.7,02/06/2023,Pending
TXN428613,100081,INV6683,LUMP,38007.81,03/04/2023,Rejected
TXN795413,100049,INV5241,LUMP,-3812.29,27/04/2023,N/A
TXN482586,100086,INV9647,Lumpsum,6782.4,11/02/2023,Pending
TXN723544,100041,INV8491,Red,67133.95,22/10/2023,Verified
TXN816433,100079,INV2379,SIP,99053.54,15/07/2023,N/A
TXN247548,100028,INV2332,Redemption,81590.82,08/11/2023,Verified
TXN614936,100047,INV5661,Lumpsum,67849.11,14/07/2023,Verified
TXN685232,100056,INV4519,sip,91516.67,27/09/2023,Pending
TXN626564,100049,INV9073,LUMP,15822.71,15/11/2023,Pending
TXN676183,100085,INV5912,SIP,43755.14,16/08/2023,N/A
TXN439640,100060,INV1235,Lumpsum,1067.18,03/11/2023,Pending
TXN158577,100087,INV9213,Redemption,14470.25,08/08/2023,Pending
TXN565337,100042,INV1846,Red,95178.0,16/11/2023,Verified
TXN232765,100069,INV1285,Redemption,72287.9,30/12/2023,Rejected
TXN449412,100031,INV4200,Red,56851.44,16/06/2023,Rejected
TXN744433,100055,INV8471,LUMP,47440.19,27/12/2023,Pending
TXN693052,100063,INV2605,Red,49743.25,10/10/2023,Pending
TXN742573,100081,INV5896,sip,97228.73,18/05/2023,Pending
TXN275732,100080,INV6119,Redemption,23348.86,17/12/2023,N/A
TXN201860,100051,INV4585,SIP,86194.58,15/11/2023,Verified
TXN233255,100085,INV3800,SIP,77038.99,11/06/2023,N/A
TXN545104,100032,INV1542,LUMP,18871.63,01/11/2023,N/A
TXN244418,100069,INV9780,LUMP,-1356.11,14/01/2023,N/A
TXN547152,100031,INV5287,Red,6672.84,26/12/2023,N/A
TXN158480,100047,INV7973,LUMP,1408.19,19/12/2023,Pending
TXN672910,100067,INV1550,SIP,90627.6,14/12/2023,Verified
TXN679800,100041,INV2178,LUMP,34346.39,10/02/2023,Verified
TXN206580,100033,INV7467,Red,32836.76,18/08/2023,Rejected
TXN553124,100062,INV7549,Redemption,56308.92,14/10/2023,Verified
TXN853929,100036,INV9666,Lumpsum,40588.48,16/08/2023,Pending
TXN625461,100037,INV8930,Red,81442.09,29/04/2023,Verified
TXN907627,100087,INV9368,LUMP,5676.93,20/12/2023,N/A
TXN890987,100086,INV7277,Redemption,55927.61,01/01/2023,Pending
TXN690288,100068,INV4256,Lumpsum,56713.42,30/03/2023,Verified
TXN192570,100031,INV5182,Redemption,62869.39,05/11/2023,N/A
TXN266407,100055,INV3580,sip,35955.33,10/03/2023,Verified
TXN692889,100034,INV5705,LUMP,74903.11,21/01/2023,Rejected
TXN255033,100055,INV1772,Red,16194.63,24/08/2023,N/A
TXN715062,100033,INV9980,sip,70508.0,21/09/2023,Pending
TXN429360,100051,INV1699,LUMP,54923.56,08/03/2023,Pending
TXN971994,100064,INV1190,Red,4198.15,28/12/2023,Verified
TXN425491,100048,INV5415,Lumpsum,65439.89,26/08/2023,Verified
TXN473861,100056,INV1406,Red,88615.05,10/12/2023,Verified
TXN385039,100079,INV6856,sip,63813.75,24/11/2023,Verified
TXN863495,100067,INV1087,Redemption,60451.44,08/08/2023,Rejected
TXN597167,100046,INV3563,Lumpsum,93151.36,29/08/2023,N/A
TXN274790,100043,INV5244,Lumpsum,96207.32,08/02/2023,Verified
TXN357207,100081,INV2155,Redemption,82233.6,21/05/2023,Verified
TXN252198,100069,INV5373,Red,53670.69,12/05/2023,Verified
TXN871141,100059,INV3551,SIP,44319.21,27/04/2023,N/A
TXN358754,100030,INV8974,Red,2492.55,21/05/2023,Verified
TXN779975,100049,INV3921,Red,51077.26,09/02/2023,N/A
TXN702741,100055,INV3074,SIP,93569.65,04/12/2023,Rejected
TXN655229,100033,INV2291,Lumpsum,25046.89,23/08/2023,Rejected
TXN389137,100064,INV4294,SIP,73778.57,06/04/2023,Verified
TXN339924,100066,INV7780,LUMP,376.11,28/05/2023,Verified
TXN543076,100048,INV4492,Red,34782.73,17/11/2023,Pending
TXN783783,100065,INV1912,LUMP,34188.64,07/10/2023,Verified
TXN820859,100047,INV7921,Redemption,57783.58,04/01/2023,Verified
TXN403901,100035,INV7656,Lumpsum,55399.21,20/02/2023,Pending
TXN757538,100062,INV8582,LUMP,-4120.11,27/08/2023,Verified
TXN654092,100044,INV8602,Red,91599.7,25/01/2023,Verified
TXN864735,100042,INV1975,SIP,28703.71,09/10/2023,Verified
TXN189857,100064,INV9660,LUMP,88108.8,14/01/2023,Rejected
TXN585623,100079,INV5701,sip,19808.41,18/07/2023,N/A
TXN865396,100066,INV6284,Redemption,64523.74,19/07/2023,Pending
TXN512999,100034,INV4083,Red,28499.18,15/02/2023,Rejected
TXN600901,100069,INV3312,SIP,88450.45,07/10/2023,Pending
TXN679829,100084,INV6294,Red,60416.5,14/01/2023,Verified
TXN120004,100027,INV6795,sip,61244.95,24/06/2023,N/A
TXN423314,100065,INV8446,Redemption,42193.44,09/12/2023,Verified
TXN570511,100041,INV9345,sip,66367.09,23/10/2023,N/A
TXN249638,100031,INV4031,SIP,58494.82,03/08/2023,Rejected
TXN501267,100086,INV9703,Lumpsum,20227.21,08/09/2023,Verified
TXN897724,100077,INV3024,SIP,9572.68,28/10/2023,N/A
TXN924165,100079,INV6086,sip,18780.61,19/07/2023,Rejected
TXN308989,100060,INV7422,sip,30524.32,08/01/2023,Pending
TXN165351,100032,INV9496,Red,83486.74,19/01/2023,Rejected
TXN911519,100030,INV7188,Lumpsum,74748.69,14/07/2023,Pending
TXN326734,100052,INV7932,SIP,28937.76,29/06/2023,Rejected
TXN996132,100079,INV5031,sip,64836.57,18/07/2023,Pending
TXN749094,100061,INV9825,Lumpsum,65330.89,22/09/2023,N/A
TXN609655,100068,INV1533,Lumpsum,16704.18,23/02/2023,Pending
TXN664581,100080,INV9349,Redemption,50537.44,19/07/2023,N/A
TXN512146,100035,INV1769,Lumpsum,34831.66,13/02/2023,Verified
TXN196657,100087,INV9618,Lumpsum,82292.38,05/04/2023,Pending
TXN907825,100084,INV3693,SIP,6811.7,13/08/2023,Pending
TXN447768,100066,INV7284,Red,44444.77,07/02/2023,Pending
TXN413320,100043,INV7169,SIP,69311.96,12/01/2023,Pending
TXN688435,100044,INV9075,Redemption,67813.54,26/08/2023,Rejected
TXN462841,100080,INV8237,LUMP,89753.85,31/01/2023,N/A
TXN354416,100080,INV7178,sip,-568.35,30/09/2023,Pending
TXN476232,100029,INV7262,SIP,78868.39,03/06/2023,N/A
TXN205939,100067,INV7048,sip,33829.99,04/09/2023,Rejected
TXN546366,100042,INV7394,LUMP,88401.21,22/04/2023,Pending
TXN670306,100051,INV5211,Lumpsum,4347.81,12/07/2023,N/A
TXN721605,100051,INV3722,Redemption,71274.24,10/07/2023,Pending
TXN935327,100056,INV3708,Redemption,12635.03,01/11/2023,N/A
TXN350903,100027,INV2590,sip,50915.88,22/02/2023,Pending
TXN756435,100065,INV3282,Lumpsum,2596.63,12/01/2023,N/A
TXN260876,100085,INV5073,LUMP,60994.13,25/09/2023,Pending
TXN287452,100055,INV1739,LUMP,2178.62,13/11/2023,Rejected
TXN219180,100037,INV3571,sip,61556.25,26/12/2023,Pending
TXN459485,100049,INV7004,Redemption,8810.83,13/01/2023,Rejected
TXN472585,100037,INV1135,sip,10845.29,11/04/2023,Pending
TXN102099,100034,INV9728,sip,26744.02,08/11/2023,Verified
TXN350098,100054,INV3083,sip,47634.25,14/02/2023,N/A
TXN797592,100046,INV2664,Lumpsum,89669.94,27/08/2023,Rejected
TXN846884,100065,INV4285,Red,11674.8,02/10/2023,Rejected
TXN954061,100086,INV2158,Redemption,87046.12,26/08/2023,Rejected
TXN143352,100033,INV7780,LUMP,33120.6,11/06/2023,Rejected
TXN657147,100088,INV4413,Lumpsum,87830.32,26/06/2023,Verified
TXN744249,100068,INV5135,Lumpsum,24856.51,22/06/2023,Verified
TXN444960,100028,INV6584,LUMP,522.42,27/08/2023,Rejected
TXN417203,100086,INV1017,SIP,53565.85,11/09/2023,N/A
TXN858856,100059,INV1462,Lumpsum,31921.27,16/07/2023,Pending
TXN355984,100059,INV6081,LUMP,30336.18,28/01/2023,Rejected
TXN378297,100056,INV9789,Redemption,17531.81,29/05/2023,Verified
TXN527989,100061,INV9747,Lumpsum,57718.3,03/05/2023,Pending
TXN760469,100080,INV7408,Lumpsum,24257.44,16/09/2023,Rejected
TXN839247,100042,INV9680,SIP,16219.8,20/01/2023,N/A
TXN895119,100027,INV5314,Red,25540.98,06/04/2023,Verified
TXN804365,100061,INV8677,Redemption,72806.27,02/02/2023,Rejected
TXN180684,100052,INV3600,Lumpsum,60436.25,27/05/2023,N/A
TXN178903,100047,INV5932,LUMP,72258.24,05/02/2023,Verified
TXN397516,100051,INV5001,Lumpsum,7508.32,13/11/2023,N/A
TXN526528,100088,INV9006,sip,42687.24,11/06/2023,Rejected
TXN389845,100046,INV4271,Lumpsum,31858.26,24/04/2023,Pending
TXN149432,100064,INV7902,LUMP,45644.44,30/07/2023,Rejected
TXN830074,100080,INV5723,Red,96546.84,03/09/2023,Verified
TXN662628,100086,INV3398,sip,67841.07,05/05/2023,N/A
TXN329216,100059,INV2390,LUMP,91764.06,10/07/2023,Rejected
TXN253200,100049,INV4551,SIP,73946.27,12/02/2023,Verified
TXN398947,100068,INV9730,Red,85346.96,30/12/2023,Rejected
TXN601634,100082,INV8329,Red,26998.27,25/03/2023,N/A
TXN723141,100046,INV3040,sip,51936.26,17/12/2023,Verified
TXN930530,100034,INV2700,SIP,20380.43,20/06/2023,Rejected
TXN700431,100067,INV6644,SIP,85110.77,09/04/2023,Rejected
TXN850014,100058,INV6147,SIP,94641.01,19/12/2023,Pending
TXN722315,100077,INV2445,SIP,1675.62,26/02/2023,N/A
TXN240242,100078,INV8921,Red,48423.0,01/09/2023,Rejected
TXN384406,100043,INV7494,Redemption,66746.9,29/10/2023,Rejected
TXN139024,100078,INV3580,Lumpsum,7929.84,17/08/2023,N/A
TXN469277,100064,INV9148,sip,78604.86,30/06/2023,Rejected
TXN366524,100079,INV3828,Redemption,92546.02,21/08/2023,Rejected
TXN804383,100032,INV6330,sip,88780.76,18/06/2023,Rejected
TXN561449,100036,INV5791,Red,17082.36,29/10/2023,N/A
TXN177319,100043,INV4519,LUMP,63984.64,25/11/2023,Rejected
TXN412806,100061,INV3889,Red,49327.39,13/03/2023,Rejected
TXN637709,100078,INV9644,SIP,71999.83,15/09/2023,Rejected
TXN207572,100065,INV8962,Lumpsum,25302.51,24/07/2023,N/A
TXN682533,100027,INV8483,Redemption,22495.96,16/11/2023,Rejected
TXN796561,100086,INV4254,Lumpsum,32512.09,23/05/2023,Verified
TXN880970,100061,INV5277,Lumpsum,53340.03,26/12/2023,N/A
TXN645231,100043,INV8559,sip,17629.35,20/11/2023,Pending
TXN692043,100057,INV1399,SIP,70568.94,29/03/2023,Pending
TXN308517,100030,INV4621,SIP,56768.94,13/05/2023,Verified
TXN593359,100068,INV9025,LUMP,33258.18,20/11/2023,N/A
TXN201124,100057,INV6923,SIP,83636.16,23/08/2023,Pending
TXN203602,100068,INV6468,sip,33144.87,07/11/2023,N/A
TXN872587,100034,INV7502,Red,88802.43,09/09/2023,Pending
TXN790101,100081,INV3862,LUMP,91822.28,02/06/2023,Pending
TXN215640,100044,INV1965,Red,73615.96,15/01/2023,Verified
TXN409280,100053,INV5098,Red,62332.56,06/04/2023,Verified
TXN953736,100055,INV8044,Lumpsum,76808.38,07/11/2023,Pending
TXN230327,100064,INV1468,Redemption,60440.07,23/07/2023,N/A
TXN740105,100044,INV9045,Lumpsum,55936.16,07/10/2023,Verified
TXN647365,100065,INV7287,Redemption,-182.32,05/10/2023,Verified
TXN356539,100055,INV9328,sip,41252.72,23/11/2023,Pending
TXN394711,100030,INV1044,Redemption,8800.82,12/12/2023,Pending
TXN734634,100058,INV3054,Lumpsum,85396.1,05/12/2023,Rejected
TXN898167,100036,INV9395,Lumpsum,34519.22,25/08/2023,Rejected
TXN604178,100034,INV9747,sip,66607.21,13/05/2023,Rejected
TXN331984,100027,INV6165,sip,57485.89,27/09/2023,Rejected
TXN644775,100047,INV6664,SIP,2461.43,30/05/2023,Verified
TXN128817,100079,INV6892,sip,44946.85,26/03/2023,Pending
TXN928712,100060,INV2707,Lumpsum,25933.42,28/05/2023,Rejected
TXN312307,100044,INV2971,LUMP,47725.38,01/03/2023,N/A
TXN685798,100037,INV4496,sip,5019.27,02/01/2023,Rejected
TXN684214,100041,INV1397,sip,59222.14,02/09/2023,N/A
TXN857844,100077,INV4060,SIP,27485.65,11/10/2023,N/A
TXN360330,100086,INV3511,Lumpsum,79555.9,01/11/2023,Rejected
TXN796252,100058,INV3603,Redemption,98871.8,09/02/2023,Pending
TXN124492,100087,INV5207,sip,92581.8,01/01/2023,Rejected
TXN179437,100067,INV8649,Redemption,11624.93,02/06/2023,Verified
TXN460914,100044,INV3099,LUMP,25157.06,11/06/2023,N/A
TXN700317,100046,INV4161,Redemption,41973.21,08/02/2023,Verified
TXN252898,100058,INV6265,Red,28196.37,27/02/2023,Pending
TXN157374,100043,INV5724,LUMP,90594.65,26/11/2023,N/A
TXN324677,100052,INV7469,Redemption,54150.04,29/08/2023,Verified
TXN171458,100031,INV7125,sip,56073.02,10/02/2023,N/A
TXN141426,100027,INV6036,LUMP,36561.12,28/06/2023,Verified
TXN129671,100077,INV8068,Red,82968.72,05/09/2023,Rejected
TXN473942,100043,INV9801,SIP,92847.61,18/08/2023,Rejected
TXN373725,100066,INV4401,SIP,38989.37,05/08/2023,Pending
TXN275113,100034,INV7520,Red,55674.54,16/03/2023,Pending
TXN121893,100033,INV8616,sip,80787.76,13/06/2023,N/A
TXN224295,100046,INV2591,Lumpsum,98126.03,06/01/2023,N/A
TXN135636,100030,INV5396,sip,81905.96,30/10/2023,N/A
TXN922163,100055,INV8570,Lumpsum,3922.01,20/08/2023,Rejected
TXN745564,100088,INV4131,Red,7562.34,11/01/2023,N/A
TXN552182,100049,INV6125,Redemption,31327.11,27/03/2023,Verified
TXN357910,100033,INV8595,sip,8026.19,31/12/2023,N/A
TXN651790,100064,INV7378,sip,46390.65,06/06/2023,Pending
TXN276651,100038,INV5110,SIP,86563.44,10/10/2023,N/A
TXN526052,100077,INV8117,sip,4854.41,14/11/2023,N/A
TXN595645,100061,INV8972,sip,15013.2,11/03/2023,N/A
TXN529455,100047,INV4000,SIP,84667.81,03/04/2023,N/A
TXN838838,100078,INV9455,Lumpsum,24519.19,10/12/2023,Pending
TXN856369,100044,INV3183,LUMP,33520.28,12/04/2023,Rejected
TXN851075,100053,INV2724,LUMP,74290.9,18/01/2023,Pending
TXN336533,100058,INV4016,Redemption,45014.98,06/08/2023,Pending
TXN223910,100057,INV6720,Lumpsum,56913.97,22/09/2023,N/A
TXN685489,100053,INV9177,LUMP,15599.98,02/03/2023,Rejected
TXN183310,100032,INV8401,LUMP,90002.3,03/04/2023,Rejected
TXN465176,100065,INV7949,SIP,80594.45,09/05/2023,Verified
TXN547766,100052,INV7197,LUMP,46681.09,08/10/2023,Rejected
TXN564924,100052,INV7200,Red,84386.08,18/06/2023,Verified
TXN393400,100061,INV8481,sip,78114.0,01/10/2023,Rejected
TXN855381,100085,INV8814,Red,19411.49,15/02/2023,N/A
TXN257456,100067,INV1483,LUMP,60422.78,06/01/2023,Verified
TXN818342,100058,INV7144,sip,40602.15,29/05/2023,N/A
TXN185983,100031,INV1844,LUMP,28591.3,16/10/2023,N/A
TXN822592,100036,INV5527,Red,72423.06,17/09/2023,Verified
TXN713154,100044,INV6335,LUMP,14109.17,23/05/2023,Verified
TXN150813,100034,INV3934,LUMP,83282.21,27/12/2023,Pending
TXN887236,100027,INV3511,Lumpsum,53302.76,22/10/2023,Verified
TXN316906,100084,INV9478,Red,40036.01,15/11/2023,Pending
TXN375012,100079,INV9764,sip,76085.25,16/10/2023,Rejected
TXN315991,100033,INV9401,Lumpsum,10835.24,25/11/2023,N/A
TXN633717,100032,INV5313,Redemption,59968.81,21/09/2023,N/A
TXN509847,100068,INV8007,Redemption,41812.79,30/08/2023,Rejected
TXN407149,100065,INV9323,SIP,79573.51,25/10/2023,Verified
TXN219009,100044,INV2381,SIP,9703.94,18/10/2023,Rejected
TXN292163,100064,INV1786,Redemption,26072.54,03/04/2023,Rejected
TXN942784,100043,INV8229,Redemption,49177.8,24/08/2023,Verified
TXN607644,100036,INV8610,SIP,60783.73,07/01/2023,Verified
TXN921612,100065,INV7216,LUMP,49930.87,09/09/2023,Verified
TXN520013,100079,INV2372,SIP,54140.22,08/02/2023,Pending
TXN744468,100057,INV4225,Red,77314.99,24/05/2023,Rejected
TXN293265,100038,INV6120,LUMP,10301.36,02/08/2023,N/A
TXN135288,100044,INV1988,LUMP,35732.41,15/08/2023,Verified
TXN334900,100030,INV4970,Redemption,82677.62,28/05/2023,Rejected
TXN632492,100047,INV2413,LUMP,86025.44,27/08/2023,Pending
TXN321069,100032,INV8788,Red,40570.97,17/03/2023,Pending
TXN396010,100048,INV1605,Lumpsum,75651.74,12/09/2023,Pending
TXN255022,100049,INV6601,SIP,91062.67,27/07/2023,Pending
TXN861093,100084,INV5216,LUMP,71348.09,09/11/2023,Rejected
TXN765406,100030,INV9526,LUMP,-2898.63,01/03/2023,N/A
TXN159301,100031,INV1661,Redemption,90777.34,03/12/2023,N/A
TXN205645,100032,INV8680,Redemption,90551.45,09/07/2023,Verified
TXN294672,100027,INV6874,LUMP,-3021.04,24/09/2023,Rejected
TXN782379,100034,INV6883,sip,77229.23,28/07/2023,Verified
TXN766847,100067,INV6299,Lumpsum,83149.1,18/12/2023,Verified
TXN862215,100047,INV1475,Red,40050.81,19/02/2023,Rejected
TXN854586,100032,INV5522,Red,53253.95,25/08/2023,N/A
TXN594990,100053,INV3048,Lumpsum,71366.17,02/06/2023,Pending
TXN236042,100031,INV3946,SIP,1299.98,01/03/2023,Rejected
TXN937392,100029,INV4265,Redemption,11405.47,26/06/2023,Verified
TXN330277,100057,INV3854,LUMP,34228.01,17/03/2023,Verified
TXN920514,100081,INV4585,Red,58614.55,04/06/2023,Rejected
TXN873071,100088,INV8594,Redemption,35337.94,21/10/2023,Pending
TXN544720,100086,INV6228,Lumpsum,-4038.89,26/05/2023,N/A
TXN305161,100086,INV5858,LUMP,88324.9,12/10/2023,Verified
TXN644731,100085,INV4037,SIP,71868.31,12/12/2023,Pending
TXN977508,100052,INV6892,Red,95252.07,25/06/2023,Rejected
TXN875812,100069,INV4882,Red,1053.9,24/11/2023,N/A
TXN890032,100035,INV3647,SIP,8300.67,17/03/2023,Pending
TXN888514,100069,INV4640,SIP,29188.32,02/10/2023,N/A
TXN975693,100041,INV5790,sip,-2974.86,04/06/2023,N/A
TXN569360,100066,INV6714,sip,89787.3,11/12/2023,Rejected
TXN581926,100049,INV7237,Redemption,25509.99,13/01/2023,N/A
TXN560730,100054,INV3471,Redemption,47753.86,30/01/2023,N/A
TXN955837,100068,INV4852,Redemption,34490.09,18/07/2023,Pending
TXN460384,100030,INV7193,sip,33805.57,04/12/2023,Verified
TXN290355,100035,INV8178,Redemption,7659.79,08/10/2023,Rejected
TXN404471,100047,INV8132,SIP,44175.31,18/08/2023,Rejected
TXN149582,100061,INV2557,SIP,88301.25,11/12/2023,N/A
TXN907209,100035,INV7434,sip,11240.7,02/06/2023,Rejected
TXN468664,100079,INV5562,Lumpsum,70113.7,05/12/2023,Pending
TXN868946,100048,INV8862,SIP,86667.14,09/11/2023,Rejected
TXN877955,100055,INV6621,Lumpsum,98831.76,04/02/2023,N/A
TXN717472,100033,INV7101,sip,80242.98,02/05/2023,Rejected
TXN550903,100066,INV4531,sip,13718.07,16/03/2023,Pending
TXN809933,100032,INV5295,Lumpsum,38347.8,16/12/2023,Pending
TXN966779,100067,INV3540,sip,43366.64,01/11/2023,N/A
TXN912688,100056,INV7334,SIP,56941.82,08/02/2023,Rejected
TXN767285,100033,INV3229,SIP,28331.27,18/06/2023,Verified
TXN436787,100030,INV6555,Lumpsum,94302.12,28/07/2023,Verified
TXN959441,100028,INV4912,Redemption,78776.8,08/12/2023,N/A
TXN699992,100080,INV4004,Lumpsum,85099.26,22/03/2023,Verified
TXN350089,100030,INV7589,sip,70029.97,01/03/2023,Pending
TXN473088,100088,INV4268,Lumpsum,39541.91,16/01/2023,N/A
TXN646734,100035,INV5177,Red,96378.25,20/02/2023,N/A
TXN881970,100081,INV2753,Redemption,93117.55,11/06/2023,Pending
TXN434960,100035,INV8821,sip,9070.54,15/03/2023,Pending
TXN359571,100079,INV3508,SIP,17434.02,24/03/2023,Pending
TXN903694,100051,INV2066,Lumpsum,75790.35,12/08/2023,N/A
TXN285904,100031,INV4885,SIP,74267.2,24/02/2023,Pending
TXN821323,100080,INV1892,LUMP,54137.35,25/11/2023,Rejected
TXN384203,100088,INV7336,LUMP,28262.27,24/07/2023,N/A
TXN864951,100054,INV6576,Red,59927.65,23/04/2023,Pending
TXN535458,100079,INV3540,Lumpsum,46391.69,26/03/2023,Rejected
TXN141327,100056,INV7936,LUMP,3385.55,15/01/2023,Rejected
TXN941374,100030,INV3875,Red,50093.96,25/07/2023,Rejected
TXN259560,100059,INV3931,SIP,83264.47,27/05/2023,Pending
TXN704697,100067,INV7950,sip,31117.42,21/05/2023,N/A
TXN951717,100042,INV1138,Lumpsum,45141.0,01/11/2023,Pending
TXN586486,100032,INV8237,Red,57964.93,09/10/2023,Verified
TXN953091,100041,INV9713,Red,87423.5,14/08/2023,Pending
TXN172902,100068,INV6664,SIP,98645.24,13/04/2023,Rejected
TXN828414,100035,INV5844,LUMP,74037.91,23/12/2023,N/A
TXN219605,100052,INV6703,Lumpsum,77100.29,04/07/2023,Rejected
TXN589900,100058,INV8460,Redemption,78192.28,25/06/2023,Rejected
TXN229629,100030,INV9480,LUMP,46599.7,15/02/2023,Pending
TXN674945,100043,INV5204,Red,27179.26,26/02/2023,Verified
TXN696775,100079,INV2512,Red,95849.57,11/08/2023,Pending
TXN580101,100049,INV4684,SIP,86749.34,19/12/2023,Rejected
TXN213280,100068,INV1830,sip,21657.16,22/05/2023,Verified
TXN225418,100035,INV6796,SIP,87555.47,05/01/2023,Rejected
TXN448696,100048,INV5981,Redemption,11748.97,22/07/2023,Rejected
TXN239262,100044,INV2141,Red,41156.16,07/06/2023,Pending
TXN684228,100084,INV7773,Red,58746.03,03/02/2023,Rejected
TXN438549,100082,INV1503,Redemption,81189.66,21/06/2023,Pending
TXN573778,100041,INV4578,Lumpsum,81350.63,14/05/2023,N/A
TXN238768,100064,INV7408,LUMP,60851.88,18/06/2023,Pending
TXN725258,100043,INV9938,LUMP,18493.84,03/12/2023,Pending
TXN985771,100029,INV2979,Redemption,16231.51,08/04/2023,N/A
TXN793171,100064,INV8446,Lumpsum,25574.43,26/06/2023,N/A
TXN290276,100031,INV8158,Red,53549.4,07/12/2023,N/A
TXN563353,100060,INV2376,SIP,85496.35,06/11/2023,Verified
TXN420726,100087,INV8588,SIP,26488.88,03/02/2023,Pending
TXN899376,100088,INV4807,Red,6081.0,12/06/2023,Verified
TXN455833,100057,INV8195,Redemption,2507.16,02/09/2023,N/A
TXN271586,100042,INV8125,sip,33444.94,23/07/2023,Verified
TXN165195,100055,INV4359,sip,-1864.42,09/02/2023,Verified
TXN510857,100031,INV5062,SIP,39298.69,03/06/2023,Verified
TXN911754,100043,INV1154,Red,1270.03,09/02/2023,Verified
TXN743606,100079,INV6043,Redemption,53109.07,09/02/2023,Verified
TXN256796,100044,INV8297,Lumpsum,72990.96,17/06/2023,Verified
TXN336254,100062,INV6031,SIP,42710.22,11/10/2023,Rejected
TXN321310,100077,INV2750,Lumpsum,48335.21,30/12/2023,Verified
TXN111114,100036,INV3731,Redemption,79166.52,02/08/2023,Rejected
TXN140012,100046,INV1729,Red,41054.85,15/10/2023,Rejected
TXN573124,100030,INV9437,SIP,86471.53,15/07/2023,N/A
TXN261644,100051,INV6006,sip,25630.0,08/02/2023,Verified
TXN365551,100081,INV3496,Red,3221.13,26/01/2023,N/A
TXN642234,100063,INV8463,SIP,34377.14,19/02/2023,Pending
TXN407999,100077,INV7103,Lumpsum,86028.19,13/09/2023,N/A
TXN596662,100031,INV5356,SIP,31344.0,02/06/2023,Verified
TXN695799,100062,INV1859,sip,46608.43,07/07/2023,N/A
TXN423376,100087,INV5680,LUMP,87850.26,29/04/2023,Verified
TXN348405,100047,INV3682,SIP,12844.95,03/08/2023,N/A
TXN937591,100048,INV8390,sip,40014.5,30/07/2023,Pending
TXN344771,100065,INV3897,Redemption,27421.4,18/09/2023,Verified
TXN724877,100085,INV1302,SIP,16249.44,23/10/2023,Pending
TXN459722,100085,INV2530,LUMP,72993.75,26/12/2023,N/A
TXN195384,100033,INV8421,Red,28560.93,25/01/2023,Rejected
TXN688069,100044,INV7435,LUMP,20749.32,04/09/2023,Pending
TXN239000,100082,INV5701,Redemption,47626.95,23/08/2023,N/A
TXN807559,100067,INV1170,SIP,95555.18,28/08/2023,Verified
TXN235058,100054,INV7324,Red,67758.58,27/05/2023,Pending
TXN485505,100037,INV8889,sip,4019.06,28/03/2023,Verified
TXN141469,100063,INV5956,LUMP,35475.58,03/06/2023,Verified
TXN404749,100057,INV1709,Redemption,71883.97,16/09/2023,Rejected
TXN353361,100043,INV7998,Red,19808.26,09/11/2023,N/A
TXN949783,100078,INV1201,Lumpsum,73494.15,25/05/2023,Rejected
TXN194808,100047,INV6757,Redemption,98624.65,23/03/2023,Rejected
TXN855867,100080,INV2984,sip,94500.41,11/06/2023,N/A
TXN532921,100086,INV8347,LUMP,87014.36,02/04/2023,Verified
TXN441578,100085,INV6027,Lumpsum,12753.01,15/04/2023,N/A
TXN902024,100035,INV6652,sip,50637.81,12/09/2023,Verified
TXN637090,100044,INV3049,Red,57611.16,01/09/2023,Rejected
TXN854430,100085,INV7585,Redemption,61341.86,11/11/2023,N/A
TXN514248,100087,INV9123,sip,23457.74,27/05/2023,Rejected
TXN485229,100078,INV5910,LUMP,50537.77,08/09/2023,N/A
TXN651284,100062,INV8486,sip,75682.51,08/07/2023,Pending
TXN564408,100080,INV3191,SIP,21954.15,30/10/2023,Rejected
TXN626318,100085,INV7164,sip,73802.24,11/06/2023,N/A
TXN938177,100031,INV4990,Red,35006.67,11/02/2023,N/A
TXN316756,100078,INV9006,Lumpsum,12417.21,05/11/2023,Verified
TXN475184,100028,INV5351,Redemption,71830.64,05/05/2023,N/A
TXN419372,100062,INV2399,Lumpsum,58826.52,21/06/2023,Rejected
TXN128221,100082,INV8892,Lumpsum,12670.2,07/08/2023,N/A
TXN596933,100043,INV3040,LUMP,48683.93,25/02/2023,Verified
TXN192607,100056,INV8500,Lumpsum,88337.27,24/07/2023,N/A
TXN995775,100031,INV9313,Lumpsum,48816.42,28/12/2023,Pending
TXN120529,100078,INV7157,Redemption,84659.99,19/04/2023,Rejected
TXN268380,100065,INV9252,sip,61816.4,18/12/2023,Verified
TXN962411,100052,INV8190,Red,63118.13,11/12/2023,Rejected
TXN406997,100069,INV8233,Red,97742.63,23/04/2023,Verified
TXN757871,100046,INV4388,Red,27608.06,03/04/2023,N/A
TXN615955,100057,INV9702,Redemption,79841.13,10/10/2023,Pending
TXN385927,100064,INV9891,SIP,-3937.0,11/09/2023,Rejected
TXN620930,100081,INV7266,Red,97682.11,01/03/2023,Rejected
TXN759125,100062,INV5284,sip,57007.56,15/06/2023,N/A
TXN703714,100047,INV7098,Lumpsum,22357.83,24/08/2023,Pending
TXN999748,100086,INV6371,Red,29990.78,24/06/2023,N/A
TXN891674,100086,INV9182,LUMP,906.43,13/09/2023,N/A
TXN796715,100042,INV5294,SIP,9137.14,18/10/2023,Pending
TXN103918,100037,INV7109,Lumpsum,36845.7,10/02/2023,Pending
TXN845873,100054,INV7316,sip,60399.6,26/02/2023,N/A
TXN133155,100041,INV3879,sip,76042.17,26/01/2023,Pending
TXN520830,100038,INV6682,SIP,16101.0,24/03/2023,N/A
TXN561293,100065,INV8527,LUMP,44473.15,18/05/2023,Rejected
TXN598339,100088,INV4416,SIP,45846.02,30/09/2023,Pending
TXN305929,100069,INV8587,Redemption,11291.28,16/03/2023,Pending
TXN819497,100041,INV4070,Lumpsum,22083.26,19/01/2023,N/A
TXN746798,100048,INV3717,Redemption,49904.04,03/07/2023,Pending
TXN883061,100038,INV1181,Red,55811.89,22/07/2023,N/A
TXN931040,100031,INV9681,Red,42381.87,27/01/2023,Pending
TXN818953,100053,INV2730,SIP,90909.76,24/04/2023,Pending
TXN925689,100085,INV4092,sip,22655.82,01/06/2023,N/A
TXN937504,100084,INV2783,Lumpsum,10399.65,06/04/2023,Rejected
TXN797331,100084,INV7851,Lumpsum,58882.07,27/12/2023,Pending
TXN793865,100031,INV7446,LUMP,80597.57,28/10/2023,Verified
TXN379956,100062,INV9113,Red,91958.42,23/11/2023,Rejected
TXN529229,100084,INV1681,SIP,16343.65,16/11/2023,Rejected
TXN804182,100081,INV3326,Red,17050.27,27/08/2023,N/A
TXN220376,100060,INV2460,Red,76293.25,17/08/2023,Rejected
TXN216536,100077,INV9593,Red,57231.95,31/03/2023,Rejected
TXN520139,100051,INV6821,SIP,8863.88,30/09/2023,Verified
TXN540786,100030,INV6225,LUMP,66171.26,05/12/2023,Pending
TXN518714,100042,INV8455,Red,55769.08,17/11/2023,Pending
TXN189451,100066,INV4716,sip,57982.53,26/11/2023,Pending
TXN859365,100028,INV2554,SIP,62222.5,20/07/2023,Pending
TXN533132,100067,INV7144,Redemption,57108.92,20/09/2023,Rejected
TXN587578,100027,INV9338,Red,81142.63,05/01/2023,N/A
TXN807302,100081,INV8787,LUMP,10358.9,19/04/2023,Rejected
TXN790399,100031,INV3835,Lumpsum,43300.89,14/01/2023,Rejected
TXN870942,100069,INV6716,Lumpsum,71637.41,09/10/2023,Rejected
TXN767085,100060,INV9664,Redemption,67950.72,04/02/2023,N/A
TXN661015,100054,INV1869,Redemption,94483.35,19/05/2023,Verified
TXN322377,100086,INV8621,sip,21732.66,03/11/2023,Pending
TXN197027,100034,INV4430,SIP,66331.67,11/01/2023,Rejected
TXN232408,100029,INV8418,SIP,7797.85,14/12/2023,Pending
TXN623834,100031,INV6960,Red,33300.38,24/10/2023,N/A
TXN388231,100056,INV1153,Redemption,22299.29,20/07/2023,N/A
TXN989331,100028,INV8196,Redemption,77906.11,26/04/2023,N/A
TXN854208,100080,INV9146,SIP,4542.37,17/12/2023,Verified
TXN797370,100061,INV7784,LUMP,22258.71,09/02/2023,Verified
TXN295345,100064,INV6092,Lumpsum,94804.7,02/11/2023,Pending
TXN506515,100077,INV7775,SIP,5673.67,31/01/2023,N/A
TXN361098,100069,INV6375,Red,19859.55,14/10/2023,Rejected
TXN500717,100048,INV2710,LUMP,44853.66,17/02/2023,Verified
TXN198416,100067,INV2154,Red,85288.49,22/05/2023,Verified
TXN848199,100041,INV4870,sip,51164.47,19/09/2023,Verified
TXN795380,100052,INV9824,Red,64418.82,03/08/2023,N/A
TXN424179,100067,INV8220,LUMP,-3281.15,15/01/2023,Rejected
TXN119095,100062,INV6772,Red,58376.52,24/04/2023,Pending
TXN404169,100033,INV5371,Lumpsum,-1914.57,08/01/2023,Pending
TXN250691,100069,INV5648,Lumpsum,62422.92,26/10/2023,Verified
TXN343554,100084,INV1776,Red,57680.78,12/10/2023,Pending
TXN434381,100041,INV6178,Red,29331.51,24/06/2023,Pending
TXN397377,100085,INV8494,SIP,19980.84,10/08/2023,Pending
TXN157540,100079,INV4336,LUMP,76553.79,18/10/2023,N/A
TXN664943,100049,INV7726,Redemption,45790.38,19/08/2023,Verified
TXN604936,100028,INV6715,Lumpsum,88102.16,24/03/2023,Rejected
TXN257423,100057,INV4635,LUMP,18217.76,15/05/2023,Verified
TXN396931,100036,INV1008,Red,-3588.82,27/06/2023,Pending
TXN385639,100082,INV9575,Red,-4922.36,11/11/2023,Verified
TXN370492,100041,INV9790,sip,39464.69,24/09/2023,N/A
TXN794097,100051,INV6889,SIP,99545.17,03/10/2023,Pending
TXN731219,100084,INV4443,LUMP,25866.1,20/11/2023,Rejected
TXN499707,100055,INV5369,Lumpsum,3122.07,18/07/2023,Pending
TXN546386,100032,INV8853,SIP,33719.75,06/02/2023,Pending
TXN510093,100067,INV8599,Lumpsum,97358.13,17/06/2023,Rejected
TXN833827,100031,INV6166,SIP,72286.92,24/10/2023,Pending
TXN148610,100085,INV3404,Red,87109.31,17/09/2023,N/A
TXN341915,100046,INV9810,Redemption,57487.15,29/10/2023,Pending
TXN465502,100055,INV9382,LUMP,80891.68,18/06/2023,N/A
TXN652369,100044,INV9451,LUMP,67244.44,07/10/2023,N/A
TXN316211,100057,INV8433,Red,15529.7,09/12/2023,Pending
TXN915057,100088,INV2463,LUMP,83372.94,18/10/2023,Rejected
TXN127777,100057,INV9544,SIP,50623.96,04/04/2023,Rejected
TXN482426,100048,INV5293,LUMP,-2360.35,13/08/2023,Pending
TXN232593,100054,INV9000,sip,9331.84,13/07/2023,Pending
TXN747723,100061,INV5125,SIP,86169.5,19/06/2023,Verified
TXN107490,100058,INV4675,Lumpsum,57346.09,29/09/2023,N/A
TXN230123,100048,INV1493,Red,13369.89,11/04/2023,N/A
TXN134870,100058,INV3164,sip,51016.2,30/12/2023,Pending
TXN471296,100064,INV1595,Redemption,89738.15,13/11/2023,Verified
TXN664373,100077,INV5918,Redemption,39182.45,01/09/2023,Verified
TXN111196,100085,INV3922,LUMP,91402.27,02/05/2023,Rejected
TXN421863,100053,INV8510,Red,43579.83,03/06/2023,Verified
TXN773516,100061,INV2939,Red,29132.7,04/09/2023,Verified
TXN698181,100044,INV1212,sip,7905.28,16/11/2023,Rejected
TXN838430,100085,INV3999,SIP,76068.98,02/08/2023,N/A
TXN565333,100037,INV4485,sip,47714.85,30/12/2023,Pending
TXN207876,100055,INV4445,Red,43388.24,10/09/2023,Verified
TXN290333,100027,INV8845,LUMP,58616.59,12/09/2023,Pending
TXN413220,100059,INV7914,Redemption,92011.57,23/08/2023,Verified
TXN616769,100059,INV2886,Lumpsum,20850.96,12/03/2023,N/A
TXN297472,100043,INV2964,Red,78327.8,10/08/2023,N/A
TXN831969,100049,INV5643,SIP,65791.26,28/01/2023,Verified
TXN448151,100044,INV5021,sip,29052.52,09/06/2023,N/A
TXN682385,100047,INV2255,SIP,92449.88,22/04/2023,Pending
TXN484990,100029,INV8606,Red,47935.59,21/09/2023,Pending
TXN554532,100043,INV7958,Red,94296.82,17/09/2023,N/A
TXN472761,100064,INV6187,Red,76870.27,05/11/2023,Rejected
TXN720027,100077,INV9570,Lumpsum,97306.77,16/12/2023,Verified
TXN430107,100079,INV1968,Lumpsum,35996.7,01/06/2023,Verified
TXN524683,100064,INV6458,SIP,8286.63,19/12/2023,Rejected
TXN273293,100067,INV3563,SIP,66832.08,26/05/2023,Pending
TXN575790,100032,INV1560,Red,42729.11,14/12/2023,Verified
TXN683377,100057,INV6179,SIP,97813.22,05/03/2023,N/A
TXN368356,100035,INV3495,SIP,27990.2,28/02/2023,Pending
TXN845454,100080,INV8202,sip,3797.93,12/05/2023,Pending
TXN645171,100030,INV6587,Red,38249.15,03/03/2023,Rejected
TXN198003,100068,INV8305,sip,64946.46,21/09/2023,N/A
TXN484473,100079,INV4206,sip,23853.33,21/08/2023,Rejected
TXN673465,100041,INV4843,Redemption,61812.7,20/01/2023,Rejected
TXN356047,100036,INV3008,Lumpsum,56249.59,11/11/2023,Rejected
TXN366460,100054,INV6802,Redemption,58258.59,17/12/2023,N/A
TXN199442,100065,INV9904,Lumpsum,50200.42,07/08/2023,Pending
TXN748817,100041,INV8591,LUMP,23921.08,22/09/2023,N/A
TXN877330,100048,INV3918,Lumpsum,-1626.57,03/06/2023,N/A
TXN710897,100030,INV6907,Red,5430.5,30/10/2023,Verified
TXN459809,100038,INV2644,LUMP,71013.43,24/10/2023,Verified
TXN826622,100057,INV3721,SIP,-702.27,23/09/2023,N/A
TXN485621,100046,INV6054,Lumpsum,77980.53,29/05/2023,Rejected
TXN951821,100053,INV2923,Lumpsum,13764.23,15/06/2023,Pending
TXN872016,100028,INV1548,sip,77105.28,30/06/2023,N/A
TXN652761,100059,INV8591,Redemption,92600.51,15/01/2023,Rejected
TXN428351,100085,INV5162,Lumpsum,13330.42,23/05/2023,Verified
TXN656985,100041,INV9897,sip,80073.38,13/01/2023,Rejected
TXN820332,100057,INV3338,Red,77715.29,21/11/2023,Verified
TXN362192,100034,INV9461,sip,90611.0,24/10/2023,Verified
TXN931422,100058,INV6719,SIP,85434.69,26/03/2023,N/A
TXN754106,100053,INV8941,LUMP,48113.25,11/02/2023,Rejected
TXN300582,100052,INV3974,Lumpsum,52227.48,16/06/2023,Rejected
TXN174976,100041,INV2566,Lumpsum,80204.95,30/05/2023,Pending
TXN557375,100038,INV3686,Redemption,98279.3,09/04/2023,N/A
TXN756006,100028,INV4668,Lumpsum,-4349.03,25/08/2023,Rejected
TXN539266,100067,INV6646,Red,-1448.21,02/05/2023,Rejected
TXN945236,100041,INV9014,sip,47885.45,17/02/2023,N/A
TXN340334,100060,INV4912,LUMP,10472.75,14/04/2023,Pending
TXN172124,100060,INV5074,Lumpsum,21916.18,06/01/2023,N/A
TXN966775,100031,INV7851,Redemption,83612.32,01/04/2023,Verified
TXN800141,100049,INV6522,Red,-1277.03,12/05/2023,N/A
TXN664349,100032,INV6077,Redemption,74520.5,08/04/2023,Rejected
TXN952280,100062,INV6110,sip,38351.71,02/11/2023,Pending
TXN318237,100080,INV5649,sip,82934.51,05/12/2023,Pending
TXN515699,100077,INV9858,Red,77801.59,21/06/2023,Rejected
TXN322260,100056,INV3626,Red,89678.92,23/09/2023,Pending
TXN502421,100043,INV6051,Red,15688.95,14/11/2023,Verified
TXN825516,100077,INV2147,SIP,1198.26,08/04/2023,N/A
TXN965513,100029,INV9407,Lumpsum,31894.35,29/04/2023,Pending
TXN195345,100064,INV9283,Lumpsum,17659.07,11/05/2023,Verified
TXN934462,100027,INV2280,Lumpsum,52902.12,09/08/2023,N/A
TXN335008,100038,INV6523,Red,80067.38,10/09/2023,Rejected
TXN876689,100038,INV5991,Redemption,26946.69,07/01/2023,Pending
TXN751092,100060,INV7583,Redemption,33951.95,25/05/2023,Rejected
TXN599041,100067,INV1874,Lumpsum,91823.15,11/09/2023,Rejected
TXN493649,100028,INV4184,sip,48474.35,15/08/2023,Verified
TXN891549,100080,INV4243,SIP,-1585.58,04/03/2023,Pending
TXN939636,100038,INV4276,SIP,36813.95,05/02/2023,N/A
TXN896788,100086,INV6107,LUMP,79842.59,19/10/2023,Pending
TXN198397,100085,INV3028,Lumpsum,56750.96,13/04/2023,N/A
TXN383993,100081,INV1700,sip,59627.69,05/06/2023,Pending
TXN934903,100077,INV5676,sip,1335.81,20/06/2023,Verified
TXN208558,100046,INV2209,Lumpsum,99400.84,20/04/2023,Rejected
TXN884156,100080,INV4812,Lumpsum,16643.2,12/01/2023,Rejected
TXN923165,100082,INV6496,SIP,78772.78,18/09/2023,Verified
TXN323325,100028,INV7896,SIP,51718.57,25/09/2023,Pending
TXN168062,100044,INV1039,LUMP,52697.53,18/07/2023,Pending
TXN856840,100062,INV6644,SIP,96079.07,15/03/2023,Rejected
TXN694017,100044,INV7342,SIP,76869.05,10/11/2023,Pending
TXN809004,100035,INV2488,SIP,33587.29,02/02/2023,N/A
TXN899488,100065,INV7484,Redemption,48717.23,11/07/2023,N/A
TXN374482,100043,INV7140,sip,82642.8,04/02/2023,N/A
TXN536212,100028,INV6440,Redemption,30593.31,03/01/2023,N/A
TXN561766,100036,INV1594,Red,12355.58,04/09/2023,N/A
TXN344037,100079,INV1325,LUMP,14302.85,26/08/2023,N/A
TXN852836,100087,INV2989,SIP,49034.71,13/08/2023,Pending
TXN410449,100081,INV8055,Red,-3240.53,30/08/2023,N/A
TXN132584,100053,INV3103,sip,79165.21,21/09/2023,N/A
TXN823265,100058,INV6074,LUMP,32593.16,23/07/2023,Rejected
TXN449982,100086,INV7440,Lumpsum,89270.56,17/08/2023,N/A
TXN228475,100084,INV7013,SIP,21385.11,10/06/2023,Verified
TXN293241,100027,INV7703,SIP,30412.02,03/10/2023,Pending
TXN853940,100041,INV8218,Lumpsum,82510.84,18/03/2023,Verified
TXN413371,100031,INV8151,Lumpsum,86945.55,04/02/2023,Rejected
TXN492506,100078,INV3354,sip,42565.42,19/10/2023,Verified
TXN153808,100079,INV9148,Redemption,95858.24,27/03/2023,Rejected
TXN161157,100085,INV5522,Redemption,87555.73,21/09/2023,Rejected
TXN632668,100085,INV6566,Lumpsum,83437.84,12/03/2023,Verified
TXN922753,100069,INV2357,SIP,82034.79,30/04/2023,Rejected
TXN913114,100044,INV4334,LUMP,15192.24,11/08/2023,N/A
TXN385815,100082,INV5930,Red,65422.15,08/09/2023,N/A
TXN376873,100033,INV8243,Red,12840.47,07/08/2023,Rejected
TXN625361,100027,INV7518,sip,354.69,14/09/2023,Rejected
TXN698994,100048,INV7330,Redemption,93834.4,17/07/2023,Verified
TXN971888,100051,INV3887,SIP,28724.51,06/10/2023,Rejected
TXN845766,100088,INV3772,LUMP,49451.05,14/07/2023,N/A
TXN152619,100049,INV5931,Lumpsum,51772.18,21/05/2023,Pending
TXN290477,100052,INV6384,Red,96577.16,21/09/2023,N/A
TXN716462,100056,INV5672,SIP,9094.43,27/06/2023,Pending
TXN632204,100033,INV7584,SIP,49398.15,30/06/2023,Pending
TXN355567,100030,INV1820,Red,15530.14,23/12/2023,Verified
TXN733123,100068,INV5037,Lumpsum,11102.39,20/11/2023,Rejected
TXN339130,100027,INV7133,Lumpsum,76605.6,26/08/2023,Rejected
TXN923414,100061,INV4196,LUMP,46289.61,12/06/2023,Pending
TXN275747,100033,INV6952,Red,9095.86,07/05/2023,Verified
TXN259003,100061,INV1766,LUMP,5236.1,25/02/2023,Pending
TXN214930,100056,INV1365,Red,62666.67,29/05/2023,Rejected
TXN130830,100042,INV5316,LUMP,92900.71,05/10/2023,Verified
TXN459017,100067,INV4551,LUMP,30582.38,26/11/2023,Pending
TXN644702,100048,INV5653,Redemption,93169.26,07/10/2023,Pending
TXN986035,100055,INV3953,Redemption,8287.5,02/10/2023,Pending
TXN124726,100035,INV6076,sip,22026.44,04/07/2023,Verified
TXN951443,100077,INV2583,Redemption,-1342.39,04/09/2023,Pending
TXN804562,100043,INV8939,SIP,30800.21,07/06/2023,Rejected
TXN869038,100027,INV3063,sip,434.45,25/05/2023,N/A
TXN735954,100065,INV7142,Red,92162.6,23/08/2023,Rejected
TXN795031,100044,INV8642,SIP,37420.46,22/03/2023,N/A
TXN532434,100064,INV2924,Red,46263.41,23/08/2023,Rejected
TXN512013,100029,INV1183,LUMP,12035.04,15/03/2023,Verified
TXN230067,100077,INV3715,SIP,5279.67,18/02/2023,N/A
TXN429427,100079,INV9610,LUMP,26774.01,07/11/2023,Pending
TXN603397,100036,INV7359,Lumpsum,84341.7,13/06/2023,Rejected
TXN234575,100088,INV3229,SIP,35406.07,03/04/2023,Rejected
TXN849400,100042,INV8030,Lumpsum,60151.68,12/12/2023,Rejected
TXN551061,100067,INV5543,Redemption,67378.33,20/05/2023,Rejected
TXN279461,100029,INV7484,Lumpsum,46107.41,08/10/2023,Pending
TXN963842,100084,INV6199,sip,26149.1,14/10/2023,Rejected
TXN192705,100059,INV7454,sip,58554.05,18/05/2023,Verified
TXN860861,100079,INV5585,sip,16632.44,08/11/2023,Pending
TXN358698,100037,INV2834,Redemption,55718.53,15/01/2023,Rejected
TXN783568,100052,INV5773,LUMP,26189.01,08/08/2023,Pending
TXN231420,100048,INV3455,SIP,-2471.33,18/09/2023,Verified
TXN488324,100034,INV5161,SIP,47778.88,19/04/2023,Pending
TXN987526,100066,INV4917,Red,72516.74,04/09/2023,N/A
TXN964123,100034,INV7880,SIP,68147.2,18/04/2023,Pending
TXN865742,100064,INV2727,Lumpsum,98208.57,07/10/2023,Verified
TXN974915,100067,INV3872,Lumpsum,6111.87,17/12/2023,Pending
TXN371099,100033,INV8928,Red,6812.68,16/06/2023,Verified
TXN959823,100065,INV1019,sip,46565.21,08/07/2023,N/A
TXN944106,100086,INV8295,Lumpsum,3271.45,18/08/2023,Verified
TXN536358,100062,INV2520,sip,62980.64,09/12/2023,N/A
TXN731816,100054,INV3399,Lumpsum,38127.38,01/04/2023,Rejected
TXN244165,100078,INV1331,Redemption,-4085.85,28/02/2023,Pending
TXN263744,100081,INV9897,Lumpsum,24875.23,16/04/2023,Pending
TXN115337,100079,INV9981,Redemption,97929.85,09/10/2023,Verified
TXN624825,100032,INV7834,LUMP,75926.21,14/12/2023,Verified
TXN350961,100043,INV3275,Lumpsum,4437.79,07/08/2023,Verified
TXN956481,100063,INV1495,Lumpsum,8690.25,01/06/2023,Verified
TXN581248,100038,INV1292,Red,19468.81,16/04/2023,N/A
TXN261834,100084,INV8283,Redemption,64541.17,25/06/2023,Rejected
TXN935827,100055,INV8528,LUMP,22523.99,28/09/2023,Verified
TXN785333,100088,INV8035,Red,71641.48,10/07/2023,Verified
TXN508592,100066,INV6026,sip,-2286.24,01/02/2023,Verified
TXN922487,100031,INV9987,Red,21464.39,11/03/2023,Rejected
TXN449098,100051,INV8928,Lumpsum,78174.93,26/01/2023,Rejected
TXN949654,100027,INV5094,Red,56216.66,21/03/2023,Pending
TXN889226,100037,INV4644,sip,79456.09,30/06/2023,Rejected
TXN416845,100079,INV3002,Redemption,55561.78,09/09/2023,Rejected
TXN679832,100044,INV9335,sip,27621.14,14/09/2023,N/A
TXN665596,100054,INV1818,LUMP,74368.57,24/05/2023,Verified
TXN823319,100031,INV6418,Lumpsum,24310.21,01/07/2023,Rejected
TXN790921,100031,INV9615,SIP,26935.67,22/03/2023,Pending
TXN765968,100087,INV6910,LUMP,81858.11,04/05/2023,Pending
TXN615325,100080,INV5080,LUMP,46053.33,16/04/2023,Verified
TXN833982,100033,INV1927,SIP,76553.76,02/03/2023,Rejected
TXN109493,100037,INV1760,LUMP,26854.42,10/05/2023,Verified
TXN285785,100032,INV9841,SIP,33873.22,06/11/2023,Rejected
TXN701933,100059,INV4506,Lumpsum,93407.48,14/10/2023,Rejected
TXN669881,100037,INV6129,Red,522.29,02/10/2023,N/A
TXN512174,100085,INV5267,LUMP,12140.68,10/05/2023,Rejected
TXN456153,100048,INV9057,sip,72607.1,01/07/2023,Pending
TXN231264,100027,INV4857,SIP,33328.94,07/07/2023,Pending
TXN428683,100066,INV6535,LUMP,81156.05,10/06/2023,Verified
TXN970002,100077,INV7109,sip,60061.46,27/12/2023,Verified
TXN758337,100038,INV6477,sip,86034.62,06/06/2023,Pending
TXN781838,100055,INV3576,sip,82520.38,19/02/2023,N/A
TXN988576,100043,INV6518,Redemption,69574.22,01/12/2023,Verified
TXN464032,100064,INV6051,LUMP,43682.67,20/10/2023,N/A
TXN871318,100037,INV7858,Lumpsum,52333.16,18/02/2023,N/A
TXN119866,100032,INV2545,sip,74299.47,15/03/2023,Verified
TXN423687,100080,INV6015,sip,10903.8,03/10/2023,Verified
TXN924488,100032,INV5510,Red,78431.51,05/08/2023,Rejected
TXN611502,100033,INV9104,Redemption,31443.63,07/07/2023,Rejected
